year,sowing_date,cultivar,planting_period,rep,heading_days,harvest_date,inc,dhs,tgw,ph,yield,heading_date
2013,2013-02-18 00:00:00 UTC,BRS264,1,1,33,78,72.3,90,18.3654,57.7,244,2013-03-23 00:00:00 UTC
2013,2013-02-18 00:00:00 UTC,BRILHANTE,1,1,43,85,64.3,80,24.4562,76.2,607,2013-04-02 00:00:00 UTC
2014,2014-02-24 00:00:00 UTC,BRS264,1,1,35,78,98,55,32.1,62.89722222,817.0666667,2014-03-31 00:00:00 UTC
2014,2014-02-24 00:00:00 UTC,PF080492,1,1,45,90,98,55,25.3,70.092,781,2014-04-10 00:00:00 UTC
2014,2014-02-24 00:00:00 UTC,BRILHANTE,1,1,45,90,89,60,28.9,66.43414634,621,2014-04-10 00:00:00 UTC
2015,2015-02-27 00:00:00 UTC,BRS264,1,1,41,70,96,50,17.89,60,221,2015-04-09 00:00:00 UTC
2015,2015-02-27 00:00:00 UTC,BRS 404,1,1,46,83,95,65,23.55,61.5,196,2015-04-14 00:00:00 UTC
2015,2015-02-27 00:00:00 UTC,BRILHANTE,1,1,48,83,92,65,25.3,65.3,235,2015-04-16 00:00:00 UTC
2016,2016-02-26 00:00:00 UTC,BRILHANTE,1,1,46,80,99,80,14.52,63.2,455,2016-04-12 00:00:00 UTC
2016,2016-02-26 00:00:00 UTC,BRS264,1,1,37,73,99,75,15.32,63.5,158,2016-04-03 00:00:00 UTC
2016,2016-02-26 00:00:00 UTC,BRS 404,1,1,44,85,99,80,13.58,61.3,521,2016-04-10 00:00:00 UTC
2017,2017-02-27 00:00:00 UTC,BRS264,1,1,37,78,68,40,31.52,72.65,1256.38,2017-04-05 00:00:00 UTC
2017,2017-02-27 00:00:00 UTC,BRILHANTE,1,1,43,80,65,40,30.07,73.54,1025.3,2017-04-11 00:00:00 UTC
2017,2017-02-27 00:00:00 UTC,BRS 404,1,1,43,80,52,40,29.66,73.49,1186.38,2017-04-11 00:00:00 UTC
2018,2018-02-26 00:00:00 UTC,BRS264,1,1,35,75,78,55,28.01,70.3,879,2018-04-02 00:00:00 UTC
2018,2018-02-26 00:00:00 UTC,BRILHANTE,1,1,45,77,76,65,27.32,72.3,785,2018-04-12 00:00:00 UTC
2018,2018-02-26 00:00:00 UTC,BRS 404,1,1,41,77,68,75,29.35,73.5,883,2018-04-08 00:00:00 UTC
2019,2019-02-22 00:00:00 UTC,SINTONIA,1,1,45,77,99,100,15.11,59.3,43.36,2019-04-08 00:00:00 UTC
2019,2019-02-22 00:00:00 UTC,BRS264,1,1,35,75,99,100,17.89,59.3,28,2019-03-29 00:00:00 UTC
2019,2019-02-22 00:00:00 UTC,BRS 404,1,1,41,77,85,100,17.23,58.6,81.2,2019-04-04 00:00:00 UTC
2013,2013-02-18 00:00:00 UTC,BRS264,1,2,33,78,75.2,90,15.0668,54.3,250,2013-03-23 00:00:00 UTC
2013,2013-02-18 00:00:00 UTC,BRILHANTE,1,2,43,85,65.5,80,25.0366,76.6,655,2013-04-02 00:00:00 UTC
2014,2014-02-24 00:00:00 UTC,BRILHANTE,1,2,45,90,98,45,27.3,65.3,451,2014-04-10 00:00:00 UTC
2014,2014-02-24 00:00:00 UTC,PF080492,1,2,45,90,85,60,23.8,62.3,458,2014-04-10 00:00:00 UTC
2014,2014-02-24 00:00:00 UTC,BRS264,1,2,35,78,84,65,24.5,61.27419355,693.4,2014-03-31 00:00:00 UTC
2015,2015-02-27 00:00:00 UTC,BRILHANTE,1,2,48,83,99,55,24.9,68.3,158,2015-04-16 00:00:00 UTC
2015,2015-02-27 00:00:00 UTC,BRS 404,1,2,46,83,99,35,24.23,62.3,334,2015-04-14 00:00:00 UTC
2015,2015-02-27 00:00:00 UTC,BRS264,1,2,41,70,97,55,20.3,62.3,276,2015-04-09 00:00:00 UTC
2016,2016-02-26 00:00:00 UTC,BRS264,1,2,37,73,99,70,13.7,62.4,255,2016-04-03 00:00:00 UTC
2016,2016-02-26 00:00:00 UTC,BRS 404,1,2,44,85,96,65,19.3,65.3,860,2016-04-10 00:00:00 UTC
2016,2016-02-26 00:00:00 UTC,BRILHANTE,1,2,46,80,92,65,12.5,63.5,328,2016-04-12 00:00:00 UTC
2017,2017-02-27 00:00:00 UTC,BRS264,1,2,37,78,72,50,28.64,74.35,1135.25,2017-04-05 00:00:00 UTC
2017,2017-02-27 00:00:00 UTC,BRILHANTE,1,2,43,80,56,65,29.84,72.65,897.65,2017-04-11 00:00:00 UTC
2017,2017-02-27 00:00:00 UTC,BRS 404,1,2,43,80,50,65,28.67,73.52,1338.69,2017-04-11 00:00:00 UTC
2018,2018-02-26 00:00:00 UTC,BRS 404,1,2,41,77,76,60,28.46,74.8,956,2018-04-08 00:00:00 UTC
2018,2018-02-26 00:00:00 UTC,BRILHANTE,1,2,45,77,75,60,25.89,70.35,632,2018-04-12 00:00:00 UTC
2018,2018-02-26 00:00:00 UTC,BRS264,1,2,35,75,75,60,26.54,70.6,952,2018-04-02 00:00:00 UTC
2019,2019-02-22 00:00:00 UTC,BRS264,1,2,35,75,99,100,15.87,59.2,25.84,2019-03-29 00:00:00 UTC
2019,2019-02-22 00:00:00 UTC,SINTONIA,1,2,45,77,98,100,18.23,60.2,40.25,2019-04-08 00:00:00 UTC
2019,2019-02-22 00:00:00 UTC,BRS 404,1,2,41,77,95,100,19.87,60.1,43.68,2019-04-04 00:00:00 UTC
2013,2013-02-18 00:00:00 UTC,BRS264,1,3,33,78,78.7,90,14.5655,59.4,227,2013-03-23 00:00:00 UTC
2013,2013-02-18 00:00:00 UTC,BRILHANTE,1,3,43,85,62.5,85,25.7653,76.4,569,2013-04-02 00:00:00 UTC
2014,2014-02-24 00:00:00 UTC,BRS264,1,3,35,78,99,50,26.3,65.836,354,2014-03-31 00:00:00 UTC
2014,2014-02-24 00:00:00 UTC,PF080492,1,3,45,90,92,55,25.4,62.4,654,2014-04-10 00:00:00 UTC
2014,2014-02-24 00:00:00 UTC,BRILHANTE,1,3,45,90,87,55,28.7,65.3,781,2014-04-10 00:00:00 UTC
2015,2015-02-27 00:00:00 UTC,BRS 404,1,3,46,83,99,50,26.31,65.8,378,2015-04-14 00:00:00 UTC
2015,2015-02-27 00:00:00 UTC,BRILHANTE,1,3,48,83,95,45,26.8,68.4,234,2015-04-16 00:00:00 UTC
2015,2015-02-27 00:00:00 UTC,BRS264,1,3,41,70,94,60,21.35,61.4,206,2015-04-09 00:00:00 UTC
2016,2016-02-26 00:00:00 UTC,BRILHANTE,1,3,46,80,99,85,14.61,64.5,602,2016-04-12 00:00:00 UTC
2016,2016-02-26 00:00:00 UTC,BRS264,1,3,37,73,99,75,14.25,61.8,360,2016-04-03 00:00:00 UTC
2016,2016-02-26 00:00:00 UTC,BRS 404,1,3,44,85,99,60,14.21,63.4,488,2016-04-10 00:00:00 UTC
2017,2017-02-27 00:00:00 UTC,BRS264,1,3,37,78,56,55,27.85,73.09,1286.98,2017-04-05 00:00:00 UTC
2017,2017-02-27 00:00:00 UTC,BRILHANTE,1,3,43,80,54,55,28.69,74.32,987.56,2017-04-11 00:00:00 UTC
2017,2017-02-27 00:00:00 UTC,BRS 404,1,3,43,80,45,35,31.55,74.36,1456.44,2017-04-11 00:00:00 UTC
2018,2018-02-26 00:00:00 UTC,BRS264,1,3,35,75,76,65,31.08,72.5,780,2018-04-02 00:00:00 UTC
2018,2018-02-26 00:00:00 UTC,BRILHANTE,1,3,45,77,75,70,23.45,71.5,856,2018-04-12 00:00:00 UTC
2018,2018-02-26 00:00:00 UTC,BRS 404,1,3,41,77,72,60,32.58,71.5,901,2018-04-08 00:00:00 UTC
2019,2019-02-22 00:00:00 UTC,SINTONIA,1,3,45,77,99,100,12.35,58.3,16.4,2019-04-08 00:00:00 UTC
2019,2019-02-22 00:00:00 UTC,BRS264,1,3,35,75,98,100,16.98,59.7,43.84,2019-03-29 00:00:00 UTC
2019,2019-02-22 00:00:00 UTC,BRS 404,1,3,41,77,88,85,22.32,59.8,57.28,2019-04-04 00:00:00 UTC
2013,2013-02-18 00:00:00 UTC,BRS264,1,4,33,78,80.5,85,13.554,60.5,190,2013-03-23 00:00:00 UTC
2013,2013-02-18 00:00:00 UTC,BRILHANTE,1,4,43,85,59.2,80,26.1281,74.2,551,2013-04-02 00:00:00 UTC
2014,2014-02-24 00:00:00 UTC,BRILHANTE,1,4,45,90,99,60,24.2,61,358,2014-04-10 00:00:00 UTC
2014,2014-02-24 00:00:00 UTC,PF080492,1,4,45,90,93,45,23.4,66,551,2014-04-10 00:00:00 UTC
2014,2014-02-24 00:00:00 UTC,BRS264,1,4,35,78,83,55,26.3,63.102,651,2014-03-31 00:00:00 UTC
2015,2015-02-27 00:00:00 UTC,BRS 404,1,4,46,83,99,55,20.36,62.1,280,2015-04-14 00:00:00 UTC
2015,2015-02-27 00:00:00 UTC,BRS264,1,4,41,70,99,45,18.32,60.4,229,2015-04-09 00:00:00 UTC
2015,2015-02-27 00:00:00 UTC,BRILHANTE,1,4,48,83,98,60,24.3,66.2,265,2015-04-16 00:00:00 UTC
2016,2016-02-26 00:00:00 UTC,BRILHANTE,1,4,46,80,99,60,13.85,62.8,335,2016-04-12 00:00:00 UTC
2016,2016-02-26 00:00:00 UTC,BRS264,1,4,37,73,99,70,10.52,58.3,177,2016-04-03 00:00:00 UTC
2016,2016-02-26 00:00:00 UTC,BRS 404,1,4,44,85,99,70,18.92,68.4,687,2016-04-10 00:00:00 UTC
2017,2017-02-27 00:00:00 UTC,BRS264,1,4,37,78,66,65,28.46,73.88,1443.46,2017-04-05 00:00:00 UTC
2017,2017-02-27 00:00:00 UTC,BRILHANTE,1,4,43,80,60,45,27.37,71.68,908.18,2017-04-11 00:00:00 UTC
2017,2017-02-27 00:00:00 UTC,BRS 404,1,4,43,80,47,60,30.67,75.65,1066.8,2017-04-11 00:00:00 UTC
2018,2018-02-26 00:00:00 UTC,BRS264,1,4,35,75,82,70,30.51,69.8,768,2018-04-02 00:00:00 UTC
2018,2018-02-26 00:00:00 UTC,BRS 404,1,4,41,77,67,55,30.25,72.5,883,2018-04-08 00:00:00 UTC
2018,2018-02-26 00:00:00 UTC,BRILHANTE,1,4,45,77,65,60,29.87,73.4,705.2,2018-04-12 00:00:00 UTC
2019,2019-02-22 00:00:00 UTC,SINTONIA,1,4,45,77,99,100,14.23,57.2,44.56,2019-04-08 00:00:00 UTC
2019,2019-02-22 00:00:00 UTC,BRS264,1,4,35,75,95,100,19.05,58.7,64.16,2019-03-29 00:00:00 UTC
2019,2019-02-22 00:00:00 UTC,BRS 404,1,4,41,77,84,90,21.13,61.6,92.16,2019-04-04 00:00:00 UTC
2013,2013-02-25 00:00:00 UTC,BRS264,2,1,36,80,84,75,15.3368,58.6,243,2013-04-02 00:00:00 UTC
2013,2013-02-25 00:00:00 UTC,BRILHANTE,2,1,44,89,78,80,26.3521,74.7,440,2013-04-10 00:00:00 UTC
2014,2014-03-03 00:00:00 UTC,BRS264,2,1,38,79,85,50,18.41,74.6,637.4,2014-04-10 00:00:00 UTC
2014,2014-03-03 00:00:00 UTC,BRILHANTE,2,1,45,99,84,50,23.8,72.1,754,2014-04-17 00:00:00 UTC
2014,2014-03-03 00:00:00 UTC,PF080492,2,1,45,99,78,50,32.5,74.6,972,2014-04-17 00:00:00 UTC
2015,2015-03-06 00:00:00 UTC,BRS264,2,1,41,75,99,50,26.7,70.1,258,2015-04-16 00:00:00 UTC
2015,2015-03-06 00:00:00 UTC,BRILHANTE,2,1,53,85,88,65,28.3,66.8,447,2015-04-28 00:00:00 UTC
2015,2015-03-06 00:00:00 UTC,BRS 404,2,1,50,85,87,40,27.3,70.2,547,2015-04-25 00:00:00 UTC
2016,2016-03-04 00:00:00 UTC,BRS264,2,1,39,74,99,50,18.65,70.8,746,2016-04-12 00:00:00 UTC
2016,2016-03-04 00:00:00 UTC,BRS 404,2,1,48,85,94,50,31.25,77.3,1160,2016-04-21 00:00:00 UTC
2016,2016-03-04 00:00:00 UTC,BRILHANTE,2,1,50,83,87,65,35.21,73.6,1150,2016-04-23 00:00:00 UTC
2017,2017-03-06 00:00:00 UTC,BRS264,2,1,39,82,61,35,31.89,74.64,1638.79,2017-04-14 00:00:00 UTC
2017,2017-03-06 00:00:00 UTC,BRILHANTE,2,1,45,88,38,65,31.58,75.62,1238.65,2017-04-20 00:00:00 UTC
2017,2017-03-06 00:00:00 UTC,BRS 404,2,1,45,87,25,45,31.04,76.74,1478.35,2017-04-20 00:00:00 UTC
2018,2018-03-05 00:00:00 UTC,BRS264,2,1,32,74,66,60,33.35,75.3,1125,2018-04-06 00:00:00 UTC
2018,2018-03-05 00:00:00 UTC,BRILHANTE,2,1,43,78,45,75,33.25,74.2,1005,2018-04-17 00:00:00 UTC
2018,2018-03-05 00:00:00 UTC,BRS 404,2,1,38,77,35,70,36.12,75.6,1230,2018-04-12 00:00:00 UTC
2019,2019-03-01 00:00:00 UTC,SINTONIA,2,1,43,78,99,100,13.89,58.6,26.4,2019-04-13 00:00:00 UTC
2019,2019-03-01 00:00:00 UTC,BRS264,2,1,32,74,94,100,15.38,61.2,90.8,2019-04-02 00:00:00 UTC
2019,2019-03-01 00:00:00 UTC,BRS 404,2,1,38,77,88,95,23.45,62.4,89.24,2019-04-08 00:00:00 UTC
2013,2013-02-25 00:00:00 UTC,BRS264,2,2,36,80,80,79.8,17.0233,59.3,316,2013-04-02 00:00:00 UTC
2013,2013-02-25 00:00:00 UTC,BRILHANTE,2,2,44,89,76,75,25.5489,73.2,570,2013-04-10 00:00:00 UTC
2014,2014-03-03 00:00:00 UTC,BRS264,2,2,38,79,84,55,18.52,75.3,715.0666667,2014-04-10 00:00:00 UTC
2014,2014-03-03 00:00:00 UTC,BRILHANTE,2,2,45,99,82,60,64.2,73.2,899,2014-04-17 00:00:00 UTC
2014,2014-03-03 00:00:00 UTC,PF080492,2,2,45,99,48,55,29.3,75.6,756,2014-04-17 00:00:00 UTC
2015,2015-03-06 00:00:00 UTC,BRS264,2,2,41,75,99,55,28.3,71.3,358,2015-04-16 00:00:00 UTC
2015,2015-03-06 00:00:00 UTC,BRILHANTE,2,2,53,85,93,60,24.3,65.4,398,2015-04-28 00:00:00 UTC
2015,2015-03-06 00:00:00 UTC,BRS 404,2,2,50,85,92,50,27.6,71.8,665,2015-04-25 00:00:00 UTC
2016,2016-03-04 00:00:00 UTC,BRS264,2,2,39,74,98,50,16.54,68.9,587,2016-04-12 00:00:00 UTC
2016,2016-03-04 00:00:00 UTC,BRILHANTE,2,2,50,83,97,65,30.52,70.3,846,2016-04-23 00:00:00 UTC
2016,2016-03-04 00:00:00 UTC,BRS 404,2,2,48,85,90,60,34.2,78.3,1241,2016-04-21 00:00:00 UTC
2017,2017-03-06 00:00:00 UTC,BRS264,2,2,39,82,53,30,31.77,76.25,1523.98,2017-04-14 00:00:00 UTC
2017,2017-03-06 00:00:00 UTC,BRILHANTE,2,2,45,88,45,45,31.25,74.35,1112.25,2017-04-20 00:00:00 UTC
2017,2017-03-06 00:00:00 UTC,BRS 404,2,2,45,87,41,50,32.54,77.65,1689.87,2017-04-20 00:00:00 UTC
2018,2018-03-05 00:00:00 UTC,BRILHANTE,2,2,43,78,65,80,35.65,73.2,1035,2018-04-17 00:00:00 UTC
2018,2018-03-05 00:00:00 UTC,BRS264,2,2,32,74,52,50,32.85,74.6,1224,2018-04-06 00:00:00 UTC
2018,2018-03-05 00:00:00 UTC,BRS 404,2,2,38,77,45,75,35.98,75.9,1325,2018-04-12 00:00:00 UTC
2019,2019-03-01 00:00:00 UTC,BRS264,2,2,32,74,99,100,13.25,62.5,37.52,2019-04-02 00:00:00 UTC
2019,2019-03-01 00:00:00 UTC,SINTONIA,2,2,43,78,95,100,16.65,58.6,86.24,2019-04-13 00:00:00 UTC
2019,2019-03-01 00:00:00 UTC,BRS 404,2,2,38,77,91,90,19.88,60.5,92.25,2019-04-08 00:00:00 UTC
2013,2013-02-25 00:00:00 UTC,BRS264,2,3,36,80,83,70.1,14.0253,55.7,301,2013-04-02 00:00:00 UTC
2013,2013-02-25 00:00:00 UTC,BRILHANTE,2,3,44,89,74,75,22.9874,74.4,520,2013-04-10 00:00:00 UTC
2014,2014-03-03 00:00:00 UTC,BRILHANTE,2,3,45,99,89,60,67.2,74.2,880,2014-04-17 00:00:00 UTC
2014,2014-03-03 00:00:00 UTC,BRS264,2,3,38,79,88,60,34.3,74.3,991.7333333,2014-04-10 00:00:00 UTC
2014,2014-03-03 00:00:00 UTC,PF080492,2,3,45,99,68,55,28.5,76.5,966,2014-04-17 00:00:00 UTC
2015,2015-03-06 00:00:00 UTC,BRS264,2,3,41,75,98,60,22.5,60.5,403,2015-04-16 00:00:00 UTC
2015,2015-03-06 00:00:00 UTC,BRS 404,2,3,50,85,85,60,26.3,70.1,538,2015-04-25 00:00:00 UTC
2015,2015-03-06 00:00:00 UTC,BRILHANTE,2,3,53,85,83,40,25.2,65.3,339,2015-04-28 00:00:00 UTC
2016,2016-03-04 00:00:00 UTC,BRS264,2,3,39,74,94,40,33.5,76.3,1150,2016-04-12 00:00:00 UTC
2016,2016-03-04 00:00:00 UTC,BRS 404,2,3,48,85,94,65,35.21,78.6,1420,2016-04-21 00:00:00 UTC
2016,2016-03-04 00:00:00 UTC,BRILHANTE,2,3,50,83,90,65,32.8,71.6,1270,2016-04-23 00:00:00 UTC
2017,2017-03-06 00:00:00 UTC,BRILHANTE,2,3,45,88,51,40,30.85,73.25,983.28,2017-04-20 00:00:00 UTC
2017,2017-03-06 00:00:00 UTC,BRS264,2,3,39,82,48,45,32.6,75.38,1463.78,2017-04-14 00:00:00 UTC
2017,2017-03-06 00:00:00 UTC,BRS 404,2,3,45,87,35,45,30.46,74.86,1756.08,2017-04-20 00:00:00 UTC
2018,2018-03-05 00:00:00 UTC,BRS264,2,3,32,74,65,55,31.96,72.5,1025,2018-04-06 00:00:00 UTC
2018,2018-03-05 00:00:00 UTC,BRILHANTE,2,3,43,78,54,60,34.25,72.3,895,2018-04-17 00:00:00 UTC
2018,2018-03-05 00:00:00 UTC,BRS 404,2,3,38,77,40,55,35.45,75.9,1287,2018-04-12 00:00:00 UTC
2019,2019-03-01 00:00:00 UTC,SINTONIA,2,3,43,78,99,100,14.05,59.4,40.64,2019-04-13 00:00:00 UTC
2019,2019-03-01 00:00:00 UTC,BRS264,2,3,32,74,99,100,16.35,62.4,33.12,2019-04-02 00:00:00 UTC
2019,2019-03-01 00:00:00 UTC,BRS 404,2,3,38,77,88,90,22.07,63.2,77.89,2019-04-08 00:00:00 UTC
2013,2013-02-25 00:00:00 UTC,BRS264,2,4,36,80,81,70,13.8972,61.1,311,2013-04-02 00:00:00 UTC
2013,2013-02-25 00:00:00 UTC,BRILHANTE,2,4,44,89,72,75,29.2258,77.6,658,2013-04-10 00:00:00 UTC
2014,2014-03-03 00:00:00 UTC,BRILHANTE,2,4,45,99,82,50,67.2,73.2,924,2014-04-17 00:00:00 UTC
2014,2014-03-03 00:00:00 UTC,BRS264,2,4,38,79,77,55,33.4,75.9,785.0666667,2014-04-10 00:00:00 UTC
2014,2014-03-03 00:00:00 UTC,PF080492,2,4,45,99,65,50,26.8,77.4,799,2014-04-17 00:00:00 UTC
2015,2015-03-06 00:00:00 UTC,BRS264,2,4,41,75,97,65,27.3,69.8,263,2015-04-16 00:00:00 UTC
2015,2015-03-06 00:00:00 UTC,BRS 404,2,4,50,85,91,55,27.9,71,745,2015-04-25 00:00:00 UTC
2015,2015-03-06 00:00:00 UTC,BRILHANTE,2,4,53,85,88,50,25.4,68.3,476,2015-04-28 00:00:00 UTC
2016,2016-03-04 00:00:00 UTC,BRS264,2,4,39,74,99,65,15.65,65.4,589,2016-04-12 00:00:00 UTC
2016,2016-03-04 00:00:00 UTC,BRS 404,2,4,48,85,97,40,30.22,77.4,1004,2016-04-21 00:00:00 UTC
2016,2016-03-04 00:00:00 UTC,BRILHANTE,2,4,50,83,95,60,19.41,67.3,884,2016-04-23 00:00:00 UTC
2017,2017-03-06 00:00:00 UTC,BRS264,2,4,39,82,42,65,30.25,76.1,1125.52,2017-04-14 00:00:00 UTC
2017,2017-03-06 00:00:00 UTC,BRILHANTE,2,4,45,88,41,60,30.66,76.38,1089.6,2017-04-20 00:00:00 UTC
2017,2017-03-06 00:00:00 UTC,BRS 404,2,4,45,87,40,40,29.87,76.85,1353.51,2017-04-20 00:00:00 UTC
2018,2018-03-05 00:00:00 UTC,BRILHANTE,2,4,43,78,47,50,34.85,75.3,993,2018-04-17 00:00:00 UTC
2018,2018-03-05 00:00:00 UTC,BRS264,2,4,32,74,42,60,35.69,74.9,996,2018-04-06 00:00:00 UTC
2018,2018-03-05 00:00:00 UTC,BRS 404,2,4,38,77,32,50,36.08,76.4,1196,2018-04-12 00:00:00 UTC
2019,2019-03-01 00:00:00 UTC,SINTONIA,2,4,43,78,99,100,11.69,60.3,21.68,2019-04-13 00:00:00 UTC
2019,2019-03-01 00:00:00 UTC,BRS264,2,4,32,74,94,100,15.28,61.3,54.78,2019-04-02 00:00:00 UTC
2019,2019-03-01 00:00:00 UTC,BRS 404,2,4,38,77,85,90,20.83,62.8,90.25,2019-04-08 00:00:00 UTC
2013,2013-03-04 00:00:00 UTC,BRS264,3,1,36,82,56,65,28.0268,67.8,431,2013-04-09 00:00:00 UTC
2013,2013-03-04 00:00:00 UTC,BRILHANTE,3,1,44,92,28,30,25.6301,74.4,669,2013-04-17 00:00:00 UTC
2014,2014-03-10 00:00:00 UTC,PF080492,3,1,47,99,87,60,28.6,74.6,876,2014-04-26 00:00:00 UTC
2014,2014-03-10 00:00:00 UTC,BRILHANTE,3,1,45,99,85,45,28.4,75.4,845,2014-04-24 00:00:00 UTC
2014,2014-03-10 00:00:00 UTC,BRS264,3,1,38,78,72,50,24.6,72.6,523,2014-04-17 00:00:00 UTC
2015,2015-03-13 00:00:00 UTC,BRS264,3,1,41,79,82,50,25.65,72.3,554,2015-04-23 00:00:00 UTC
2015,2015-03-13 00:00:00 UTC,BRS 404,3,1,50,85,68,45,28.3,65.9,957,2015-05-02 00:00:00 UTC
2015,2015-03-13 00:00:00 UTC,BRILHANTE,3,1,55,90,67,50,30.25,73.2,658,2015-05-07 00:00:00 UTC
2016,2016-03-11 00:00:00 UTC,BRS264,3,1,40,78,55,60,33.41,76.8,1045,2016-04-20 00:00:00 UTC
2016,2016-03-11 00:00:00 UTC,BRILHANTE,3,1,51,87,45,45,34.5,79.3,1360,2016-05-01 00:00:00 UTC
2016,2016-03-11 00:00:00 UTC,BRS 404,3,1,49,88,31,50,36.74,79.5,2134,2016-04-29 00:00:00 UTC
2017,2017-03-13 00:00:00 UTC,BRS264,3,1,40,87,32,45,34.25,78.65,1888.39,2017-04-22 00:00:00 UTC
2017,2017-03-13 00:00:00 UTC,BRILHANTE,3,1,47,92,25,50,31.76,77.98,1456.85,2017-04-29 00:00:00 UTC
2017,2017-03-13 00:00:00 UTC,BRS 404,3,1,45,90,20,45,33.54,76.45,1886.98,2017-04-27 00:00:00 UTC
2018,2018-03-12 00:00:00 UTC,BRILHANTE,3,1,43,80,36,65,33.44,75.9,1158,2018-04-24 00:00:00 UTC
2018,2018-03-12 00:00:00 UTC,BRS264,3,1,33,75,35,55,34.02,77.5,1468,2018-04-14 00:00:00 UTC
2018,2018-03-12 00:00:00 UTC,BRS 404,3,1,37,77,25,45,36.48,76.8,1563,2018-04-18 00:00:00 UTC
2019,2019-03-08 00:00:00 UTC,SINTONIA,3,1,43,80,99,100,16.09,59.5,19.84,2019-04-20 00:00:00 UTC
2019,2019-03-08 00:00:00 UTC,BRS264,3,1,33,75,96,100,18.87,58.3,89.92,2019-04-10 00:00:00 UTC
2019,2019-03-08 00:00:00 UTC,BRS 404,3,1,37,77,95,100,17.88,58.7,91.52,2019-04-14 00:00:00 UTC
2013,2013-03-04 00:00:00 UTC,BRS264,3,2,36,82,62,65,34.2568,75.2,480,2013-04-09 00:00:00 UTC
2013,2013-03-04 00:00:00 UTC,BRILHANTE,3,2,44,92,14,45,29.566,74.2,732,2013-04-17 00:00:00 UTC
2014,2014-03-10 00:00:00 UTC,BRILHANTE,3,2,45,99,84,50,29.3,76.7,875,2014-04-24 00:00:00 UTC
2014,2014-03-10 00:00:00 UTC,PF080492,3,2,47,99,77,45,27.6,76.5,867,2014-04-26 00:00:00 UTC
2014,2014-03-10 00:00:00 UTC,BRS264,3,2,38,78,73,45,25.3,63.69824561,664.7333333,2014-04-17 00:00:00 UTC
2015,2015-03-13 00:00:00 UTC,BRS264,3,2,41,79,89,35,28.36,69.8,674,2015-04-23 00:00:00 UTC
2015,2015-03-13 00:00:00 UTC,BRILHANTE,3,2,55,90,69,70,32.65,74.1,569,2015-05-07 00:00:00 UTC
2015,2015-03-13 00:00:00 UTC,BRS 404,3,2,50,85,56,65,27.3,71.2,560,2015-05-02 00:00:00 UTC
2016,2016-03-11 00:00:00 UTC,BRS264,3,2,40,78,62,55,32.4,78.3,1321,2016-04-20 00:00:00 UTC
2016,2016-03-11 00:00:00 UTC,BRILHANTE,3,2,51,87,38,65,35.21,78.5,1540,2016-05-01 00:00:00 UTC
2016,2016-03-11 00:00:00 UTC,BRS 404,3,2,49,88,25,65,35.31,79.3,1850,2016-04-29 00:00:00 UTC
2017,2017-03-13 00:00:00 UTC,BRS264,3,2,40,87,40,30,32.52,76.51,1953.45,2017-04-22 00:00:00 UTC
2017,2017-03-13 00:00:00 UTC,BRILHANTE,3,2,47,92,32,60,32.55,78.35,1556.78,2017-04-29 00:00:00 UTC
2017,2017-03-13 00:00:00 UTC,BRS 404,3,2,45,90,18,40,34.25,78.65,1197.85,2017-04-27 00:00:00 UTC
2018,2018-03-12 00:00:00 UTC,BRS264,3,2,33,75,41,65,34.12,74.8,1565,2018-04-14 00:00:00 UTC
2018,2018-03-12 00:00:00 UTC,BRILHANTE,3,2,43,80,32,70,35.89,75.3,1358,2018-04-24 00:00:00 UTC
2018,2018-03-12 00:00:00 UTC,BRS 404,3,2,37,77,26,65,35.88,77.4,1435,2018-04-18 00:00:00 UTC
2019,2019-03-08 00:00:00 UTC,SINTONIA,3,2,43,80,99,100,13.67,58.3,21.44,2019-04-20 00:00:00 UTC
2019,2019-03-08 00:00:00 UTC,BRS264,3,2,33,75,99,100,15.42,58.4,40.16,2019-04-10 00:00:00 UTC
2019,2019-03-08 00:00:00 UTC,BRS 404,3,2,37,77,98,100,16.06,59.6,75.76,2019-04-14 00:00:00 UTC
2013,2013-03-04 00:00:00 UTC,BRS264,3,3,36,82,65,50,28.5541,71.3,428,2013-04-09 00:00:00 UTC
2013,2013-03-04 00:00:00 UTC,BRILHANTE,3,3,44,92,34,30,25.0298,72.2,513,2013-04-17 00:00:00 UTC
2014,2014-03-10 00:00:00 UTC,BRS264,3,3,38,78,82,50,24.7,60.3969697,720.7333333,2014-04-17 00:00:00 UTC
2014,2014-03-10 00:00:00 UTC,BRILHANTE,3,3,45,99,81,55,27.3,76.1,589,2014-04-24 00:00:00 UTC
2014,2014-03-10 00:00:00 UTC,PF080492,3,3,47,99,64,50,25.9,74.2,919,2014-04-26 00:00:00 UTC
2015,2015-03-13 00:00:00 UTC,BRS264,3,3,41,79,99,75,26.3,68.4,886.5,2015-04-23 00:00:00 UTC
2015,2015-03-13 00:00:00 UTC,BRILHANTE,3,3,55,90,74,50,34.85,72.3,437,2015-05-07 00:00:00 UTC
2015,2015-03-13 00:00:00 UTC,BRS 404,3,3,50,85,69,55,30.9,71.8,983,2015-05-02 00:00:00 UTC
2016,2016-03-11 00:00:00 UTC,BRILHANTE,3,3,51,87,52,60,35.23,78.6,1255,2016-05-01 00:00:00 UTC
2016,2016-03-11 00:00:00 UTC,BRS264,3,3,40,78,41,50,17.86,67.9,886,2016-04-20 00:00:00 UTC
2016,2016-03-11 00:00:00 UTC,BRS 404,3,3,49,88,31,45,34.5,78.5,1599,2016-04-29 00:00:00 UTC
2017,2017-03-13 00:00:00 UTC,BRILHANTE,3,3,47,92,39,65,33.45,74.56,1333.87,2017-04-29 00:00:00 UTC
2017,2017-03-13 00:00:00 UTC,BRS264,3,3,40,87,33,40,33.54,77.65,1177.65,2017-04-22 00:00:00 UTC
2017,2017-03-13 00:00:00 UTC,BRS 404,3,3,45,90,17,45,35.75,76.85,1625.5,2017-04-27 00:00:00 UTC
2018,2018-03-12 00:00:00 UTC,BRILHANTE,3,3,43,80,41,45,35.07,74.3,1285,2018-04-24 00:00:00 UTC
2018,2018-03-12 00:00:00 UTC,BRS264,3,3,33,75,30,60,35.28,77.5,1550,2018-04-14 00:00:00 UTC
2018,2018-03-12 00:00:00 UTC,BRS 404,3,3,37,77,19,60,37.09,77,1655,2018-04-18 00:00:00 UTC
2019,2019-03-08 00:00:00 UTC,SINTONIA,3,3,43,80,99,100,15.22,57.5,24.4,2019-04-20 00:00:00 UTC
2019,2019-03-08 00:00:00 UTC,BRS264,3,3,33,75,99,100,14.39,59.8,46.88,2019-04-10 00:00:00 UTC
2019,2019-03-08 00:00:00 UTC,BRS 404,3,3,37,77,99,100,13.85,58.3,98.54,2019-04-14 00:00:00 UTC
2013,2013-03-04 00:00:00 UTC,BRS264,3,4,36,82,51,60,31.255,72.8,363,2013-04-09 00:00:00 UTC
2013,2013-03-04 00:00:00 UTC,BRILHANTE,3,4,44,92,24,50,18.9952,72.3,367,2013-04-17 00:00:00 UTC
2014,2014-03-10 00:00:00 UTC,BRS264,3,4,38,78,81,50,20.5,64.11914894,561.0666667,2014-04-17 00:00:00 UTC
2014,2014-03-10 00:00:00 UTC,PF080492,3,4,47,99,70,55,30.1,73.8,785,2014-04-26 00:00:00 UTC
2014,2014-03-10 00:00:00 UTC,BRILHANTE,3,4,45,99,64,50,28.6,74.2,888,2014-04-24 00:00:00 UTC
2015,2015-03-13 00:00:00 UTC,BRS264,3,4,41,79,75,50,25.8,67.8,726,2015-04-23 00:00:00 UTC
2015,2015-03-13 00:00:00 UTC,BRS 404,3,4,50,85,66,55,31.6,73.2,635,2015-05-02 00:00:00 UTC
2015,2015-03-13 00:00:00 UTC,BRILHANTE,3,4,55,90,65,65,30.66,70.8,559,2015-05-07 00:00:00 UTC
2016,2016-03-11 00:00:00 UTC,BRS264,3,4,40,78,47,45,25.32,75.3,1142,2016-04-20 00:00:00 UTC
2016,2016-03-11 00:00:00 UTC,BRILHANTE,3,4,51,87,33,40,34.1,77.9,1190,2016-05-01 00:00:00 UTC
2016,2016-03-11 00:00:00 UTC,BRS 404,3,4,49,88,20,50,36.42,78.9,1786,2016-04-29 00:00:00 UTC
2017,2017-03-13 00:00:00 UTC,BRS264,3,4,40,87,36,60,31.86,79.5,1965.25,2017-04-22 00:00:00 UTC
2017,2017-03-13 00:00:00 UTC,BRILHANTE,3,4,47,92,28,35,32.68,77.68,1358.46,2017-04-29 00:00:00 UTC
2017,2017-03-13 00:00:00 UTC,BRS 404,3,4,45,90,23,30,32.51,78.35,1625.35,2017-04-27 00:00:00 UTC
2018,2018-03-12 00:00:00 UTC,BRS264,3,4,33,75,32,70,36.13,76.3,1604,2018-04-14 00:00:00 UTC
2018,2018-03-12 00:00:00 UTC,BRILHANTE,3,4,43,80,29,50,36.33,76.3,1425,2018-04-24 00:00:00 UTC
2018,2018-03-12 00:00:00 UTC,BRS 404,3,4,37,77,23,50,36.28,76.8,1708,2018-04-18 00:00:00 UTC
2019,2019-03-08 00:00:00 UTC,BRS264,3,4,33,75,99,100,15.95,60.3,45.84,2019-04-10 00:00:00 UTC
2019,2019-03-08 00:00:00 UTC,SINTONIA,3,4,43,80,97,100,17.52,58.2,54.32,2019-04-20 00:00:00 UTC
2019,2019-03-08 00:00:00 UTC,BRS 404,3,4,37,77,95,100,18.91,57.6,91.2,2019-04-14 00:00:00 UTC
2013,2013-03-11 00:00:00 UTC,BRS264,4,1,38,86,42,70,23.8015,67.8,406,2013-04-18 00:00:00 UTC
2013,2013-03-11 00:00:00 UTC,BRILHANTE,4,1,46,93,15,50,29.7025,74.8,975,2013-04-26 00:00:00 UTC
2014,2014-03-17 00:00:00 UTC,BRILHANTE,4,1,47,99,44,50,37.5,77.8,1130,2014-05-03 00:00:00 UTC
2014,2014-03-17 00:00:00 UTC,BRS264,4,1,40,85,32,55,36.2,78.6,1025,2014-04-26 00:00:00 UTC
2014,2014-03-17 00:00:00 UTC,PF080492,4,1,47,99,24,50,38.2,78.6,1197,2014-05-03 00:00:00 UTC
2015,2015-03-20 00:00:00 UTC,BRS264,4,1,41,88,66,65,32.4,74.4,883,2015-04-30 00:00:00 UTC
2015,2015-03-20 00:00:00 UTC,BRS 404,4,1,50,92,49,55,32.6,74.5,666,2015-05-09 00:00:00 UTC
2015,2015-03-20 00:00:00 UTC,BRILHANTE,4,1,55,97,45,55,32.5,73.5,883,2015-05-14 00:00:00 UTC
2016,2016-03-18 00:00:00 UTC,BRS264,4,1,40,87,35,45,37.82,80.3,1867,2016-04-27 00:00:00 UTC
2016,2016-03-18 00:00:00 UTC,BRILHANTE,4,1,53,95,25,50,36.31,79.3,1850,2016-05-10 00:00:00 UTC
2016,2016-03-18 00:00:00 UTC,BRS 404,4,1,49,92,18,50,40.09,80.6,2365,2016-05-06 00:00:00 UTC
2017,2017-03-20 00:00:00 UTC,BRILHANTE,4,1,47,95,27,50,36.52,78.35,1879.35,2017-05-06 00:00:00 UTC
2017,2017-03-20 00:00:00 UTC,BRS264,4,1,42,90,16,40,37.85,77.32,2158.34,2017-05-01 00:00:00 UTC
2017,2017-03-20 00:00:00 UTC,BRS 404,4,1,46,95,10,45,39.65,80.06,1889.37,2017-05-05 00:00:00 UTC
2018,2018-03-19 00:00:00 UTC,BRS264,4,1,34,75,17,60,35.65,78.8,1879,2018-04-22 00:00:00 UTC
2018,2018-03-19 00:00:00 UTC,BRILHANTE,4,1,45,81,14,55,35.89,78.6,1658,2018-05-03 00:00:00 UTC
2018,2018-03-19 00:00:00 UTC,BRS 404,4,1,39,80,13,65,38.98,78.6,1887,2018-04-27 00:00:00 UTC
2019,2019-03-15 00:00:00 UTC,SINTONIA,4,1,45,81,99,100,13.67,58.3,27.36,2019-04-29 00:00:00 UTC
2019,2019-03-15 00:00:00 UTC,BRS264,4,1,34,75,98,100,16.16,60.2,65.92,2019-04-18 00:00:00 UTC
2019,2019-03-15 00:00:00 UTC,BRS 404,4,1,39,80,92,90,13.88,62.5,152.36,2019-04-23 00:00:00 UTC
2013,2013-03-11 00:00:00 UTC,BRS264,4,2,38,86,44,55,20.3687,61.4,539,2013-04-18 00:00:00 UTC
2013,2013-03-11 00:00:00 UTC,BRILHANTE,4,2,46,93,26,50,30.5587,75.6,871,2013-04-26 00:00:00 UTC
2014,2014-03-17 00:00:00 UTC,BRILHANTE,4,2,47,99,47,45,35.6,78.2,1231,2014-05-03 00:00:00 UTC
2014,2014-03-17 00:00:00 UTC,PF080492,4,2,47,99,38,50,37.9,78.3,1752,2014-05-03 00:00:00 UTC
2014,2014-03-17 00:00:00 UTC,BRS264,4,2,40,85,37,55,37.8,77.4,1182,2014-04-26 00:00:00 UTC
2015,2015-03-20 00:00:00 UTC,BRS264,4,2,41,88,56,50,24.3,65.3,986,2015-04-30 00:00:00 UTC
2015,2015-03-20 00:00:00 UTC,BRS 404,4,2,50,92,51,70,33.5,75.6,954,2015-05-09 00:00:00 UTC
2015,2015-03-20 00:00:00 UTC,BRILHANTE,4,2,55,97,39,45,33,73.8,725,2015-05-14 00:00:00 UTC
2016,2016-03-18 00:00:00 UTC,BRILHANTE,4,2,53,95,31,50,36.82,78.2,1765,2016-05-10 00:00:00 UTC
2016,2016-03-18 00:00:00 UTC,BRS264,4,2,40,87,27,40,39.82,78.6,2103,2016-04-27 00:00:00 UTC
2016,2016-03-18 00:00:00 UTC,BRS 404,4,2,49,92,15,45,41.18,79.6,2654,2016-05-06 00:00:00 UTC
2017,2017-03-20 00:00:00 UTC,BRS264,4,2,42,90,25,40,39.85,78.32,2223.45,2017-05-01 00:00:00 UTC
2017,2017-03-20 00:00:00 UTC,BRILHANTE,4,2,47,95,21,40,37,77.68,1689.35,2017-05-06 00:00:00 UTC
2017,2017-03-20 00:00:00 UTC,BRS 404,4,2,46,95,8,50,38.64,77.65,2135.28,2017-05-05 00:00:00 UTC
2018,2018-03-19 00:00:00 UTC,BRILHANTE,4,2,45,81,17,65,36.45,77.8,1852,2018-05-03 00:00:00 UTC
2018,2018-03-19 00:00:00 UTC,BRS264,4,2,34,75,12,50,37.69,77.8,1905,2018-04-22 00:00:00 UTC
2018,2018-03-19 00:00:00 UTC,BRS 404,4,2,39,80,10,45,39.13,78.2,2135,2018-04-27 00:00:00 UTC
2019,2019-03-15 00:00:00 UTC,SINTONIA,4,2,45,81,99,100,14.83,61.5,12.8,2019-04-29 00:00:00 UTC
2019,2019-03-15 00:00:00 UTC,BRS264,4,2,34,75,99,100,13.08,61.3,14.96,2019-04-18 00:00:00 UTC
2019,2019-03-15 00:00:00 UTC,BRS 404,4,2,39,80,98,100,19.31,60.8,188.56,2019-04-23 00:00:00 UTC
2013,2013-03-11 00:00:00 UTC,BRS264,4,3,38,86,40,60,22.586,67.5,376,2013-04-18 00:00:00 UTC
2013,2013-03-11 00:00:00 UTC,BRILHANTE,4,3,46,93,17,45,31.668,75,1072,2013-04-26 00:00:00 UTC
2014,2014-03-17 00:00:00 UTC,BRILHANTE,4,3,47,99,42,45,36,78.6,1140,2014-05-03 00:00:00 UTC
2014,2014-03-17 00:00:00 UTC,BRS264,4,3,40,85,33,50,37.2,76.5,1190,2014-04-26 00:00:00 UTC
2014,2014-03-17 00:00:00 UTC,PF080492,4,3,47,99,20,45,37.6,77.8,1536,2014-05-03 00:00:00 UTC
2015,2015-03-20 00:00:00 UTC,BRS264,4,3,41,88,53,55,29.8,70.5,659,2015-04-30 00:00:00 UTC
2015,2015-03-20 00:00:00 UTC,BRS 404,4,3,50,92,53,50,28.5,74.2,988,2015-05-09 00:00:00 UTC
2015,2015-03-20 00:00:00 UTC,BRILHANTE,4,3,55,97,38,65,31,70.6,786,2015-05-14 00:00:00 UTC
2016,2016-03-18 00:00:00 UTC,BRILHANTE,4,3,53,95,29,45,36.2,79.5,1560,2016-05-10 00:00:00 UTC
2016,2016-03-18 00:00:00 UTC,BRS264,4,3,40,87,20,40,38.61,80.2,2324,2016-04-27 00:00:00 UTC
2016,2016-03-18 00:00:00 UTC,BRS 404,4,3,49,92,20,40,40.78,77.8,2452,2016-05-06 00:00:00 UTC
2017,2017-03-20 00:00:00 UTC,BRILHANTE,4,3,47,95,17,60,36.98,77.35,1689.78,2017-05-06 00:00:00 UTC
2017,2017-03-20 00:00:00 UTC,BRS264,4,3,42,90,14,35,38.04,79.35,1987.35,2017-05-01 00:00:00 UTC
2017,2017-03-20 00:00:00 UTC,BRS 404,4,3,46,95,6,40,39.44,79.35,2237.4,2017-05-05 00:00:00 UTC
2018,2018-03-19 00:00:00 UTC,BRS264,4,3,34,75,15,45,38.04,78.3,2045,2018-04-22 00:00:00 UTC
2018,2018-03-19 00:00:00 UTC,BRILHANTE,4,3,45,81,12,40,36.78,78.6,1653,2018-05-03 00:00:00 UTC
2018,2018-03-19 00:00:00 UTC,BRS 404,4,3,39,80,9,45,40.32,78.3,1987,2018-04-27 00:00:00 UTC
2019,2019-03-15 00:00:00 UTC,BRS 404,4,3,39,80,99,100,13.89,61.4,165.88,2019-04-23 00:00:00 UTC
2019,2019-03-15 00:00:00 UTC,SINTONIA,4,3,45,81,97,100,14.77,62.3,80.48,2019-04-29 00:00:00 UTC
2019,2019-03-15 00:00:00 UTC,BRS264,4,3,34,75,95,95,15.69,60.3,89.2,2019-04-18 00:00:00 UTC
2013,2013-03-11 00:00:00 UTC,BRS264,4,4,38,86,38,70,19.6887,61.2,495,2013-04-18 00:00:00 UTC
2013,2013-03-11 00:00:00 UTC,BRILHANTE,4,4,46,93,14,60,29.8025,74.3,751,2013-04-26 00:00:00 UTC
2014,2014-03-17 00:00:00 UTC,BRILHANTE,4,4,47,99,38,50,37.2,77.9,1198,2014-05-03 00:00:00 UTC
2014,2014-03-17 00:00:00 UTC,BRS264,4,4,40,85,34,50,37.8,77.9,1183,2014-04-26 00:00:00 UTC
2014,2014-03-17 00:00:00 UTC,PF080492,4,4,47,99,28,45,37.6,77.3,1452,2014-05-03 00:00:00 UTC
2015,2015-03-20 00:00:00 UTC,BRS264,4,4,41,88,62,45,31.5,70.4,654,2015-04-30 00:00:00 UTC
2015,2015-03-20 00:00:00 UTC,BRILHANTE,4,4,55,97,41,40,31.4,75.3,727,2015-05-14 00:00:00 UTC
2015,2015-03-20 00:00:00 UTC,BRS 404,4,4,50,92,40,45,31.4,75.3,897,2015-05-09 00:00:00 UTC
2016,2016-03-18 00:00:00 UTC,BRS264,4,4,40,87,36,35,38.19,81.4,2220,2016-04-27 00:00:00 UTC
2016,2016-03-18 00:00:00 UTC,BRILHANTE,4,4,53,95,22,55,38.93,79.4,1843,2016-05-10 00:00:00 UTC
2016,2016-03-18 00:00:00 UTC,BRS 404,4,4,49,92,13,40,40.75,78.6,2874,2016-05-06 00:00:00 UTC
2017,2017-03-20 00:00:00 UTC,BRILHANTE,4,4,47,95,18,25,37.52,76.54,1904.65,2017-05-06 00:00:00 UTC
2017,2017-03-20 00:00:00 UTC,BRS264,4,4,42,90,17,40,37.68,78.35,1896.38,2017-05-01 00:00:00 UTC
2017,2017-03-20 00:00:00 UTC,BRS 404,4,4,46,95,4,30,40.25,78.64,2005.98,2017-05-05 00:00:00 UTC
2018,2018-03-19 00:00:00 UTC,BRS264,4,4,34,75,19,40,36.18,78.6,1875,2018-04-22 00:00:00 UTC
2018,2018-03-19 00:00:00 UTC,BRILHANTE,4,4,45,81,14,55,37.23,77.6,1458,2018-05-03 00:00:00 UTC
2018,2018-03-19 00:00:00 UTC,BRS 404,4,4,39,80,7,50,38.87,79.2,2114,2018-04-27 00:00:00 UTC
2019,2019-03-15 00:00:00 UTC,BRS 404,4,4,39,80,98,100,16.22,59.4,155.43,2019-04-23 00:00:00 UTC
2019,2019-03-15 00:00:00 UTC,BRS264,4,4,34,75,94,95,18.21,61.3,82,2019-04-18 00:00:00 UTC
2019,2019-03-15 00:00:00 UTC,SINTONIA,4,4,45,81,93,95,18.32,62.5,79.12,2019-04-29 00:00:00 UTC
2013,2013-03-18 00:00:00 UTC,BRS264,5,1,40,89,26,60,21.3098,63.2,738,2013-04-27 00:00:00 UTC
2013,2013-03-18 00:00:00 UTC,BRILHANTE,5,1,47,94,22,45,27.2655,76.2,1209,2013-05-04 00:00:00 UTC
2014,2014-03-24 00:00:00 UTC,BRILHANTE,5,1,47,106,20,45,37.4,78.646,1526,2014-05-10 00:00:00 UTC
2014,2014-03-24 00:00:00 UTC,PF080492,5,1,47,99,20,45,37.6,77.8,1358,2014-05-10 00:00:00 UTC
2014,2014-03-24 00:00:00 UTC,BRS264,5,1,41,85,8,45,38,78.1,1931.066667,2014-05-04 00:00:00 UTC
2015,2015-03-27 00:00:00 UTC,BRS264,5,1,43,90,57,55,34.8,77.1,1066,2015-05-09 00:00:00 UTC
2015,2015-03-27 00:00:00 UTC,BRS 404,5,1,53,92,28,45,36.7,77,1341,2015-05-19 00:00:00 UTC
2015,2015-03-27 00:00:00 UTC,BRILHANTE,5,1,56,97,22,55,35.4,77.9,1089,2015-05-22 00:00:00 UTC
2016,2016-03-25 00:00:00 UTC,BRILHANTE,5,1,52,96,25,40,39.12,81.2,1896,2016-05-16 00:00:00 UTC
2016,2016-03-25 00:00:00 UTC,BRS264,5,1,41,90,24,25,41.28,81.7,2446,2016-05-05 00:00:00 UTC
2016,2016-03-25 00:00:00 UTC,BRS 404,5,1,51,93,11,30,42.28,80.3,3125,2016-05-15 00:00:00 UTC
2017,2017-03-27 00:00:00 UTC,BRILHANTE,5,1,47,98,3,35,38.65,80.35,2088.97,2017-05-13 00:00:00 UTC
2017,2017-03-27 00:00:00 UTC,BRS264,5,1,41,90,3,35,41.32,80.65,2147.8,2017-05-07 00:00:00 UTC
2017,2017-03-27 00:00:00 UTC,BRS 404,5,1,47,97,2,50,41.25,82.45,2456.35,2017-05-13 00:00:00 UTC
2018,2018-03-26 00:00:00 UTC,BRS264,5,1,37,76,9,65,39.35,78.4,1970,2018-05-02 00:00:00 UTC
2018,2018-03-26 00:00:00 UTC,BRILHANTE,5,1,46,82,8,50,39.08,78.3,1786,2018-05-11 00:00:00 UTC
2018,2018-03-26 00:00:00 UTC,BRS 404,5,1,43,80,5,45,41.55,80.2,2158,2018-05-08 00:00:00 UTC
2019,2019-03-22 00:00:00 UTC,SINTONIA,5,1,46,82,99,100,12.05,58.3,14.16,2019-05-07 00:00:00 UTC
2019,2019-03-22 00:00:00 UTC,BRS264,5,1,37,76,99,100,14.23,60.3,174.24,2019-04-28 00:00:00 UTC
2019,2019-03-22 00:00:00 UTC,BRS 404,5,1,43,80,85,90,15.86,64.3,288.66,2019-05-04 00:00:00 UTC
2013,2013-03-18 00:00:00 UTC,BRS264,5,2,40,89,28,40,20.6622,63,850,2013-04-27 00:00:00 UTC
2013,2013-03-18 00:00:00 UTC,BRILHANTE,5,2,47,94,14,30,28.2446,74.6,1111,2013-05-04 00:00:00 UTC
2014,2014-03-24 00:00:00 UTC,PF080492,5,2,47,99,24,50,37.4,77.6,1231,2014-05-10 00:00:00 UTC
2014,2014-03-24 00:00:00 UTC,BRILHANTE,5,2,47,106,22,50,37.4,77.6,1321,2014-05-10 00:00:00 UTC
2014,2014-03-24 00:00:00 UTC,BRS264,5,2,41,85,12,40,40.2,78.3,1691.733333,2014-05-04 00:00:00 UTC
2015,2015-03-27 00:00:00 UTC,BRS264,5,2,43,90,46,75,36.7,78.2,1089,2015-05-09 00:00:00 UTC
2015,2015-03-27 00:00:00 UTC,BRILHANTE,5,2,56,97,19,60,30.2,76.9,1096,2015-05-22 00:00:00 UTC
2015,2015-03-27 00:00:00 UTC,BRS 404,5,2,53,92,17,60,35.7,77.6,1088,2015-05-19 00:00:00 UTC
2016,2016-03-25 00:00:00 UTC,BRS264,5,2,41,90,31,35,42.77,80.9,2789,2016-05-05 00:00:00 UTC
2016,2016-03-25 00:00:00 UTC,BRS 404,5,2,51,93,18,25,40.36,80.4,2870,2016-05-15 00:00:00 UTC
2016,2016-03-25 00:00:00 UTC,BRILHANTE,5,2,52,96,14,30,38.72,80.3,2012,2016-05-16 00:00:00 UTC
2017,2017-03-27 00:00:00 UTC,BRS264,5,2,41,90,7,40,40.13,79.35,2354.65,2017-05-07 00:00:00 UTC
2017,2017-03-27 00:00:00 UTC,BRILHANTE,5,2,47,98,4,40,39.75,80.24,2136.54,2017-05-13 00:00:00 UTC
2017,2017-03-27 00:00:00 UTC,BRS 404,5,2,47,97,1,45,40.32,78.65,2654.8,2017-05-13 00:00:00 UTC
2018,2018-03-26 00:00:00 UTC,BRS264,5,2,37,76,14,60,41.23,77.6,2113,2018-05-02 00:00:00 UTC
2018,2018-03-26 00:00:00 UTC,BRILHANTE,5,2,46,82,12,65,37.16,77.9,1886,2018-05-11 00:00:00 UTC
2018,2018-03-26 00:00:00 UTC,BRS 404,5,2,43,80,2,65,42.32,81.3,2357,2018-05-08 00:00:00 UTC
2019,2019-03-22 00:00:00 UTC,BRS264,5,2,37,76,99,100,15.32,59.5,147.6,2019-04-28 00:00:00 UTC
2019,2019-03-22 00:00:00 UTC,SINTONIA,5,2,46,82,95,100,15.25,57.6,52.48,2019-05-07 00:00:00 UTC
2019,2019-03-22 00:00:00 UTC,BRS 404,5,2,43,80,83,80,23.35,64.2,299.38,2019-05-04 00:00:00 UTC
2013,2013-03-18 00:00:00 UTC,BRS264,5,3,40,89,42,60,20.5901,62.2,862,2013-04-27 00:00:00 UTC
2013,2013-03-18 00:00:00 UTC,BRILHANTE,5,3,47,94,25,55.2,28.566,76,1212,2013-05-04 00:00:00 UTC
2014,2014-03-24 00:00:00 UTC,PF080492,5,3,47,99,26,45,36.8,76.2,1135,2014-05-10 00:00:00 UTC
2014,2014-03-24 00:00:00 UTC,BRILHANTE,5,3,47,106,24,45,38.7,78.964,1189,2014-05-10 00:00:00 UTC
2014,2014-03-24 00:00:00 UTC,BRS264,5,3,41,85,15,45,39.8,78.3,1473.4,2014-05-04 00:00:00 UTC
2015,2015-03-27 00:00:00 UTC,BRS264,5,3,43,90,36,55,35.7,76.9,1178,2015-05-09 00:00:00 UTC
2015,2015-03-27 00:00:00 UTC,BRS 404,5,3,53,92,23,60,35.7,76.7,1253,2015-05-19 00:00:00 UTC
2015,2015-03-27 00:00:00 UTC,BRILHANTE,5,3,56,97,14,65,36.5,78.6,1274,2015-05-22 00:00:00 UTC
2016,2016-03-25 00:00:00 UTC,BRILHANTE,5,3,52,96,18,25,39.18,82.7,2187,2016-05-16 00:00:00 UTC
2016,2016-03-25 00:00:00 UTC,BRS264,5,3,41,90,15,50,38.35,78.6,2135,2016-05-05 00:00:00 UTC
2016,2016-03-25 00:00:00 UTC,BRS 404,5,3,51,93,10,55,41.58,82.3,3254,2016-05-15 00:00:00 UTC
2017,2017-03-27 00:00:00 UTC,BRILHANTE,5,3,47,98,8,25,38.66,78.65,1987,2017-05-13 00:00:00 UTC
2017,2017-03-27 00:00:00 UTC,BRS264,5,3,41,90,6,35,42.52,80.23,2456.35,2017-05-07 00:00:00 UTC
2017,2017-03-27 00:00:00 UTC,BRS 404,5,3,47,97,0,0,39.56,79.35,2334.28,2017-05-13 00:00:00 UTC
2018,2018-03-26 00:00:00 UTC,BRS264,5,3,37,76,10,65,39.56,78.1,2154,2018-05-02 00:00:00 UTC
2018,2018-03-26 00:00:00 UTC,BRS 404,5,3,43,80,9,50,41.38,83,2452,2018-05-08 00:00:00 UTC
2018,2018-03-26 00:00:00 UTC,BRILHANTE,5,3,46,82,5,45,40.33,78.4,1782,2018-05-11 00:00:00 UTC
2019,2019-03-22 00:00:00 UTC,SINTONIA,5,3,46,82,99,100,15.68,59.3,13.12,2019-05-07 00:00:00 UTC
2019,2019-03-22 00:00:00 UTC,BRS264,5,3,37,76,97,100,18.24,61.3,115.92,2019-04-28 00:00:00 UTC
2019,2019-03-22 00:00:00 UTC,BRS 404,5,3,43,80,88,90,24.36,64.5,321.52,2019-05-04 00:00:00 UTC
2013,2013-03-18 00:00:00 UTC,BRS264,5,4,40,89,43,65,20.6651,63.8,694,2013-04-27 00:00:00 UTC
2013,2013-03-18 00:00:00 UTC,BRILHANTE,5,4,47,94,17,50,30.5366,75,1313,2013-05-04 00:00:00 UTC
2014,2014-03-24 00:00:00 UTC,BRILHANTE,5,4,47,106,22,50,39.7,78.574,1715,2014-05-10 00:00:00 UTC
2014,2014-03-24 00:00:00 UTC,PF080492,5,4,47,99,19,40,37.5,77.4,1421,2014-05-10 00:00:00 UTC
2014,2014-03-24 00:00:00 UTC,BRS264,5,4,41,85,14,50,38,78.2,1017.066667,2014-05-04 00:00:00 UTC
2015,2015-03-27 00:00:00 UTC,BRS264,5,4,43,90,40,50,36.2,75.9,1359.7,2015-05-09 00:00:00 UTC
2015,2015-03-27 00:00:00 UTC,BRS 404,5,4,53,92,16,50,36.4,75.7,1067,2015-05-19 00:00:00 UTC
2015,2015-03-27 00:00:00 UTC,BRILHANTE,5,4,56,97,12,45,34.5,74.9,1028,2015-05-22 00:00:00 UTC
2016,2016-03-25 00:00:00 UTC,BRS264,5,4,41,90,23,40,40.89,79.5,2430,2016-05-05 00:00:00 UTC
2016,2016-03-25 00:00:00 UTC,BRILHANTE,5,4,52,96,12,40,38.69,80.2,2388,2016-05-16 00:00:00 UTC
2016,2016-03-25 00:00:00 UTC,BRS 404,5,4,51,93,8,25,52.68,81.68,3563,2016-05-15 00:00:00 UTC
2017,2017-03-27 00:00:00 UTC,BRS264,5,4,41,90,10,40,40.38,81.45,2334.85,2017-05-07 00:00:00 UTC
2017,2017-03-27 00:00:00 UTC,BRILHANTE,5,4,47,98,5,30,40.06,81.85,2236.99,2017-05-13 00:00:00 UTC
2017,2017-03-27 00:00:00 UTC,BRS 404,5,4,47,97,5,40,42.85,80.35,2554.35,2017-05-13 00:00:00 UTC
2018,2018-03-26 00:00:00 UTC,BRILHANTE,5,4,46,82,9,50,39.54,79.2,1690,2018-05-11 00:00:00 UTC
2018,2018-03-26 00:00:00 UTC,BRS264,5,4,37,76,8,50,40.25,78.9,2183,2018-05-02 00:00:00 UTC
2018,2018-03-26 00:00:00 UTC,BRS 404,5,4,43,80,7,55,40.52,80.4,2330,2018-05-08 00:00:00 UTC
2019,2019-03-22 00:00:00 UTC,SINTONIA,5,4,46,82,94,96,17.52,61.2,60.56,2019-05-07 00:00:00 UTC
2019,2019-03-22 00:00:00 UTC,BRS264,5,4,37,76,87,90,22.42,62.5,123.6,2019-04-28 00:00:00 UTC
2019,2019-03-22 00:00:00 UTC,BRS 404,5,4,43,80,84,80,22.16,65.2,308.35,2019-05-04 00:00:00 UTC
2013,2013-03-25 00:00:00 UTC,BRS264,6,1,43,92,28,50,19.655,60.8,699,2013-05-07 00:00:00 UTC
2013,2013-03-25 00:00:00 UTC,BRILHANTE,6,1,47,96,13,25,23.1269,69,594,2013-05-11 00:00:00 UTC
2014,2014-03-31 00:00:00 UTC,BRILHANTE,6,1,48,106,11,50,39.5,82.094,1825,2014-05-18 00:00:00 UTC
2014,2014-03-31 00:00:00 UTC,PF080492,6,1,48,99,10,50,41.3,81.724,2930.066667,2014-05-18 00:00:00 UTC
2014,2014-03-31 00:00:00 UTC,BRS264,6,1,43,85,9,45,40.2,78.2,2269.733333,2014-05-13 00:00:00 UTC
2015,2015-04-03 00:00:00 UTC,BRS264,6,1,41,90,18,65,36.8,78.3,1189,2015-05-14 00:00:00 UTC
2015,2015-04-03 00:00:00 UTC,BRS 404,6,1,53,98,9,65,38.3,80.2,1258,2015-05-26 00:00:00 UTC
2015,2015-04-03 00:00:00 UTC,BRILHANTE,6,1,57,102,5,65,36.8,78.3,1005,2015-05-30 00:00:00 UTC
2016,2016-04-01 00:00:00 UTC,BRS264,6,1,41,91,13,40,40.46,80.65,3654,2016-05-12 00:00:00 UTC
2016,2016-04-01 00:00:00 UTC,BRILHANTE,6,1,53,101,6,15,40.28,78.5,2897,2016-05-24 00:00:00 UTC
2016,2016-04-01 00:00:00 UTC,BRS 404,6,1,53,97,5,60,40.66,80.5,3875,2016-05-24 00:00:00 UTC
2017,2017-04-03 00:00:00 UTC,BRILHANTE,6,1,49,102,3,30,38.89,80.47,2346.87,2017-05-22 00:00:00 UTC
2017,2017-04-03 00:00:00 UTC,BRS264,6,1,43,93,2,50,40.26,79.68,2589.68,2017-05-16 00:00:00 UTC
2017,2017-04-03 00:00:00 UTC,BRS 404,6,1,48,100,0,0,40.38,80.64,2553.07,2017-05-21 00:00:00 UTC
2018,2018-04-02 00:00:00 UTC,BRS264,6,1,40,77,3,40,40.85,81.3,2356,2018-05-12 00:00:00 UTC
2018,2018-04-02 00:00:00 UTC,BRILHANTE,6,1,48,85,2,55,40.68,78.3,1886,2018-05-20 00:00:00 UTC
2018,2018-04-02 00:00:00 UTC,BRS 404,6,1,45,83,1,20,41.25,41.3,2354,2018-05-17 00:00:00 UTC
2019,2019-03-29 00:00:00 UTC,SINTONIA,6,1,48,85,96,100,16.23,60.7,58.88,2019-05-16 00:00:00 UTC
2019,2019-03-29 00:00:00 UTC,BRS264,6,1,40,77,93,95,14.11,63.8,202.56,2019-05-08 00:00:00 UTC
2019,2019-03-29 00:00:00 UTC,BRS 404,6,1,45,83,78,75,24.56,65.3,308.66,2019-05-13 00:00:00 UTC
2013,2013-03-25 00:00:00 UTC,BRS264,6,2,43,92,27,50,21.6552,65.6,499,2013-05-07 00:00:00 UTC
2013,2013-03-25 00:00:00 UTC,BRILHANTE,6,2,47,96,19,45,22.3587,68.2,794,2013-05-11 00:00:00 UTC
2014,2014-03-31 00:00:00 UTC,BRILHANTE,6,2,48,106,15,60,41.3,80.484,1453,2014-05-18 00:00:00 UTC
2014,2014-03-31 00:00:00 UTC,BRS264,6,2,43,85,12,50,41.3,79.5,1923.066667,2014-05-13 00:00:00 UTC
2014,2014-03-31 00:00:00 UTC,PF080492,6,2,48,99,8,40,39.8,81.782,2125,2014-05-18 00:00:00 UTC
2015,2015-04-03 00:00:00 UTC,BRS264,6,2,41,90,19,55,38.2,78.3,1358,2015-05-14 00:00:00 UTC
2015,2015-04-03 00:00:00 UTC,BRS 404,6,2,53,98,12,45,35.7,80.2,1358,2015-05-26 00:00:00 UTC
2015,2015-04-03 00:00:00 UTC,BRILHANTE,6,2,57,102,6,35,38,79.3,1625,2015-05-30 00:00:00 UTC
2016,2016-04-01 00:00:00 UTC,BRILHANTE,6,2,53,101,11,30,39.77,79.6,2774,2016-05-24 00:00:00 UTC
2016,2016-04-01 00:00:00 UTC,BRS264,6,2,41,91,9,20,41.58,81.3,3745,2016-05-12 00:00:00 UTC
2016,2016-04-01 00:00:00 UTC,BRS 404,6,2,53,97,3,20,39.47,81.7,3690,2016-05-24 00:00:00 UTC
2017,2017-04-03 00:00:00 UTC,BRILHANTE,6,2,49,102,0,0,39.74,79.38,2389.37,2017-05-22 00:00:00 UTC
2017,2017-04-03 00:00:00 UTC,BRS264,6,2,43,93,0,0,41.35,80.35,2780.68,2017-05-16 00:00:00 UTC
2017,2017-04-03 00:00:00 UTC,BRS 404,6,2,48,100,0,0,42.65,81.38,2358.64,2017-05-21 00:00:00 UTC
2018,2018-04-02 00:00:00 UTC,BRS264,6,2,40,77,4,30,41.58,82.5,2451,2018-05-12 00:00:00 UTC
2018,2018-04-02 00:00:00 UTC,BRILHANTE,6,2,48,85,1,30,38.66,79.4,1786,2018-05-20 00:00:00 UTC
2018,2018-04-02 00:00:00 UTC,BRS 404,6,2,45,83,0,0,40.55,40.8,2556,2018-05-17 00:00:00 UTC
2019,2019-03-29 00:00:00 UTC,BRS264,6,2,40,77,91,90,19.25,64.1,162.8,2019-05-08 00:00:00 UTC
2019,2019-03-29 00:00:00 UTC,SINTONIA,6,2,48,85,89,90,17.99,63.8,87.6,2019-05-16 00:00:00 UTC
2019,2019-03-29 00:00:00 UTC,BRS 404,6,2,45,83,65,75,21.92,66.3,288.65,2019-05-13 00:00:00 UTC
2013,2013-03-25 00:00:00 UTC,BRS264,6,3,43,92,35,45,20.3805,60.2,444,2013-05-07 00:00:00 UTC
2013,2013-03-25 00:00:00 UTC,BRILHANTE,6,3,47,96,20,45,21.5899,68.4,688,2013-05-11 00:00:00 UTC
2014,2014-03-31 00:00:00 UTC,PF080492,6,3,48,99,9,45,38.6,81.622,1987,2014-05-18 00:00:00 UTC
2014,2014-03-31 00:00:00 UTC,BRILHANTE,6,3,48,106,8,50,39.8,81.294,2005,2014-05-18 00:00:00 UTC
2014,2014-03-31 00:00:00 UTC,BRS264,6,3,43,85,8,50,39.8,78.6,1940.066667,2014-05-13 00:00:00 UTC
2015,2015-04-03 00:00:00 UTC,BRS264,6,3,41,90,24,45,36.4,76.9,1209,2015-05-14 00:00:00 UTC
2015,2015-04-03 00:00:00 UTC,BRILHANTE,6,3,57,102,10,45,37.6,78.4,1664,2015-05-30 00:00:00 UTC
2015,2015-04-03 00:00:00 UTC,BRS 404,6,3,53,98,9,55,35.6,77.8,1096,2015-05-26 00:00:00 UTC
2016,2016-04-01 00:00:00 UTC,BRS264,6,3,41,91,10,15,40.18,83.5,3654,2016-05-12 00:00:00 UTC
2016,2016-04-01 00:00:00 UTC,BRS 404,6,3,53,97,4,25,41.46,82.3,3874,2016-05-24 00:00:00 UTC
2016,2016-04-01 00:00:00 UTC,BRILHANTE,6,3,53,101,1,30,40.76,82.1,3256,2016-05-24 00:00:00 UTC
2017,2017-04-03 00:00:00 UTC,BRS264,6,3,43,93,5,30,42.38,81.37,2668.98,2017-05-16 00:00:00 UTC
2017,2017-04-03 00:00:00 UTC,BRILHANTE,6,3,49,102,1,50,40.21,78.65,2456.95,2017-05-22 00:00:00 UTC
2017,2017-04-03 00:00:00 UTC,BRS 404,6,3,48,100,1,60,41.46,80.46,2654.3,2017-05-21 00:00:00 UTC
2018,2018-04-02 00:00:00 UTC,BRS264,6,3,40,77,8,50,40.35,81,2387,2018-05-12 00:00:00 UTC
2018,2018-04-02 00:00:00 UTC,BRILHANTE,6,3,48,85,5,55,37.85,80.5,1689,2018-05-20 00:00:00 UTC
2018,2018-04-02 00:00:00 UTC,BRS 404,6,3,45,83,3,30,38.32,39.4,2440,2018-05-17 00:00:00 UTC
2019,2019-03-29 00:00:00 UTC,SINTONIA,6,3,48,85,95,100,16.25,60.3,52.8,2019-05-16 00:00:00 UTC
2019,2019-03-29 00:00:00 UTC,BRS264,6,3,40,77,84,85,20.06,62.4,263.68,2019-05-08 00:00:00 UTC
2019,2019-03-29 00:00:00 UTC,BRS 404,6,3,45,83,72,70,21.34,65.4,301.55,2019-05-13 00:00:00 UTC
2013,2013-03-25 00:00:00 UTC,BRS264,6,4,43,92,45,55,20.4002,63.2,558,2013-05-07 00:00:00 UTC
2013,2013-03-25 00:00:00 UTC,BRILHANTE,6,4,47,96,15,40,24.9854,71.4,901,2013-05-11 00:00:00 UTC
2014,2014-03-31 00:00:00 UTC,BRILHANTE,6,4,48,106,9,40,39.1,83.038,1776,2014-05-18 00:00:00 UTC
2014,2014-03-31 00:00:00 UTC,BRS264,6,4,43,85,9,50,40.2,80.2,1658.066667,2014-05-13 00:00:00 UTC
2014,2014-03-31 00:00:00 UTC,PF080492,6,4,48,99,6,50,40.3,81.096,1789,2014-05-18 00:00:00 UTC
2015,2015-04-03 00:00:00 UTC,BRILHANTE,6,4,57,102,11,65,36.8,77.9,1229,2015-05-30 00:00:00 UTC
2015,2015-04-03 00:00:00 UTC,BRS 404,6,4,53,98,7,45,37.3,79.5,1328,2015-05-26 00:00:00 UTC
2015,2015-04-03 00:00:00 UTC,BRS264,6,4,41,90,6,50,36,77.6,1267,2015-05-14 00:00:00 UTC
2016,2016-04-01 00:00:00 UTC,BRS264,6,4,41,91,9,20,39.55,84.6,3398,2016-05-12 00:00:00 UTC
2016,2016-04-01 00:00:00 UTC,BRS 404,6,4,53,97,8,25,42.28,79.5,3544,2016-05-24 00:00:00 UTC
2016,2016-04-01 00:00:00 UTC,BRILHANTE,6,4,53,101,4,25,42.48,81.7,3446,2016-05-24 00:00:00 UTC
2017,2017-04-03 00:00:00 UTC,BRILHANTE,6,4,49,102,0,0,40.35,77.68,2513.8,2017-05-22 00:00:00 UTC
2017,2017-04-03 00:00:00 UTC,BRS264,6,4,43,93,0,0,41.06,82.39,2458.34,2017-05-16 00:00:00 UTC
2017,2017-04-03 00:00:00 UTC,BRS 404,6,4,48,100,0,0,42.76,81.66,2442.85,2017-05-21 00:00:00 UTC
2018,2018-04-02 00:00:00 UTC,BRILHANTE,6,4,48,85,6,40,38.55,78.3,1954,2018-05-20 00:00:00 UTC
2018,2018-04-02 00:00:00 UTC,BRS264,6,4,40,77,6,60,42.35,80.4,2556,2018-05-12 00:00:00 UTC
2018,2018-04-02 00:00:00 UTC,BRS 404,6,4,45,83,2,20,39.01,41.2,2654,2018-05-17 00:00:00 UTC
2019,2019-03-29 00:00:00 UTC,BRS264,6,4,40,77,88,85,16.83,65.8,123,2019-05-08 00:00:00 UTC
2019,2019-03-29 00:00:00 UTC,SINTONIA,6,4,48,85,87,95,18.32,62.5,75.6,2019-05-16 00:00:00 UTC
2019,2019-03-29 00:00:00 UTC,BRS 404,6,4,45,83,68,55,18.77,67.3,322.84,2019-05-13 00:00:00 UTC
2013,2013-04-01 00:00:00 UTC,BRS264,7,1,43,92,29,35,25.3398,68.4,1036,2013-05-14 00:00:00 UTC
2013,2013-04-01 00:00:00 UTC,BRILHANTE,7,1,50,99,13,30,22.5684,67.4,944,2013-05-21 00:00:00 UTC
2014,2014-04-07 00:00:00 UTC,BRS264,7,1,45,99,13,40,40.9,78.6,2154,2014-05-22 00:00:00 UTC
2014,2014-04-07 00:00:00 UTC,BRILHANTE,7,1,48,106,2,30,40.8,84.842,2114,2014-05-25 00:00:00 UTC
2014,2014-04-07 00:00:00 UTC,PF080492,7,1,48,106,2,50,38,82.4,2314,2014-05-25 00:00:00 UTC
2015,2015-04-10 00:00:00 UTC,BRS264,7,1,46,92,15,55,36.8,77.3,1445,2015-05-26 00:00:00 UTC
2015,2015-04-10 00:00:00 UTC,BRILHANTE,7,1,57,106,8,40,38.1,80.5,1889,2015-06-06 00:00:00 UTC
2015,2015-04-10 00:00:00 UTC,BRS 404,7,1,53,101,6,50,35.8,77.4,1259,2015-06-02 00:00:00 UTC
2016,2016-04-08 00:00:00 UTC,BRS264,7,1,44,93,5,15,41.47,83.5,3698,2016-05-22 00:00:00 UTC
2016,2016-04-08 00:00:00 UTC,BRS 404,7,1,52,102,5,25,42.09,40.1,3854,2016-05-30 00:00:00 UTC
2016,2016-04-08 00:00:00 UTC,BRILHANTE,7,1,53,105,4,30,38.47,82.3,3254,2016-05-31 00:00:00 UTC
2017,2017-04-10 00:00:00 UTC,BRILHANTE,7,1,54,105,1,40,40.32,80.32,2354.65,2017-06-03 00:00:00 UTC
2017,2017-04-10 00:00:00 UTC,BRS264,7,1,45,95,1,20,40.25,79.56,2569.79,2017-05-25 00:00:00 UTC
2017,2017-04-10 00:00:00 UTC,BRS 404,7,1,52,103,0,0,42.05,80.65,2685.46,2017-06-01 00:00:00 UTC
2018,2018-04-09 00:00:00 UTC,BRILHANTE,7,1,52,88,2,50,38.01,78.4,1880,2018-05-31 00:00:00 UTC
2018,2018-04-09 00:00:00 UTC,BRS264,7,1,45,80,2,60,40.83,83.4,2553,2018-05-24 00:00:00 UTC
2018,2018-04-09 00:00:00 UTC,BRS 404,7,1,49,85,1,30,41.6,82.6,2335,2018-05-28 00:00:00 UTC
2019,2019-04-05 00:00:00 UTC,BRS264,7,1,45,80,88,90,23.4,63.5,208.33,2019-05-20 00:00:00 UTC
2019,2019-04-05 00:00:00 UTC,SINTONIA,7,1,52,88,86,90,18.06,63.5,206.72,2019-05-27 00:00:00 UTC
2019,2019-04-05 00:00:00 UTC,BRS 404,7,1,49,85,58,60,23.22,71.6,289.77,2019-05-24 00:00:00 UTC
2013,2013-04-01 00:00:00 UTC,BRS264,7,2,43,92,33,60,22.842,61.2,980,2013-05-14 00:00:00 UTC
2013,2013-04-01 00:00:00 UTC,BRILHANTE,7,2,50,99,13,40,28.6541,70.6,1420,2013-05-21 00:00:00 UTC
2014,2014-04-07 00:00:00 UTC,BRS264,7,2,45,99,17,40,39.1,77.062,2148,2014-05-22 00:00:00 UTC
2014,2014-04-07 00:00:00 UTC,BRILHANTE,7,2,48,106,2,40,38.9,83.962,1987,2014-05-25 00:00:00 UTC
2014,2014-04-07 00:00:00 UTC,PF080492,7,2,48,106,1,70,39.5,82.798,2238,2014-05-25 00:00:00 UTC
2015,2015-04-10 00:00:00 UTC,BRS264,7,2,46,92,12,50,39.2,81,1558,2015-05-26 00:00:00 UTC
2015,2015-04-10 00:00:00 UTC,BRILHANTE,7,2,57,106,7,45,38.6,82.6,1897,2015-06-06 00:00:00 UTC
2015,2015-04-10 00:00:00 UTC,BRS 404,7,2,53,101,5,40,38.4,81.4,1444,2015-06-02 00:00:00 UTC
2016,2016-04-08 00:00:00 UTC,BRS264,7,2,44,93,8,45,40.29,79.6,3740,2016-05-22 00:00:00 UTC
2016,2016-04-08 00:00:00 UTC,BRILHANTE,7,2,53,105,2,40,39.46,80.6,3524,2016-05-31 00:00:00 UTC
2016,2016-04-08 00:00:00 UTC,BRS 404,7,2,52,102,0,0,40.59,40.9,3954,2016-05-30 00:00:00 UTC
2017,2017-04-10 00:00:00 UTC,BRS264,7,2,45,95,1,70,41.88,81.38,2899.75,2017-05-25 00:00:00 UTC
2017,2017-04-10 00:00:00 UTC,BRILHANTE,7,2,54,105,0,0,39.25,78.64,2450.38,2017-06-03 00:00:00 UTC
2017,2017-04-10 00:00:00 UTC,BRS 404,7,2,52,103,0,0,40.35,81.35,2668.67,2017-06-01 00:00:00 UTC
2018,2018-04-09 00:00:00 UTC,BRS264,7,2,45,80,6,40,39.77,80.1,2456,2018-05-24 00:00:00 UTC
2018,2018-04-09 00:00:00 UTC,BRILHANTE,7,2,52,88,1,40,38.14,80.9,1974,2018-05-31 00:00:00 UTC
2018,2018-04-09 00:00:00 UTC,BRS 404,7,2,49,85,0,0,40.52,84.3,2650,2018-05-28 00:00:00 UTC
2019,2019-04-05 00:00:00 UTC,SINTONIA,7,2,52,88,87,90,18.75,64.3,178.8,2019-05-27 00:00:00 UTC
2019,2019-04-05 00:00:00 UTC,BRS264,7,2,45,80,83,80,21.35,66.5,258.41,2019-05-20 00:00:00 UTC
2019,2019-04-05 00:00:00 UTC,BRS 404,7,2,49,85,65,60,21.05,70.5,365.98,2019-05-24 00:00:00 UTC
2013,2013-04-01 00:00:00 UTC,BRS264,7,3,43,92,16,40,22.5069,56.8,511,2013-05-14 00:00:00 UTC
2013,2013-04-01 00:00:00 UTC,BRILHANTE,7,3,50,99,14,45,26.5489,68.8,1064,2013-05-21 00:00:00 UTC
2014,2014-04-07 00:00:00 UTC,BRS264,7,3,45,99,16,50,38.5,79.3,2234,2014-05-22 00:00:00 UTC
2014,2014-04-07 00:00:00 UTC,BRILHANTE,7,3,48,106,2,55,40.7,83.272,1687,2014-05-25 00:00:00 UTC
2014,2014-04-07 00:00:00 UTC,PF080492,7,3,48,106,2,35,40.5,84.324,2136,2014-05-25 00:00:00 UTC
2015,2015-04-10 00:00:00 UTC,BRS264,7,3,46,92,15,70,37.5,79.4,1478,2015-05-26 00:00:00 UTC
2015,2015-04-10 00:00:00 UTC,BRILHANTE,7,3,57,106,9,50,37.3,79.8,1689,2015-06-06 00:00:00 UTC
2015,2015-04-10 00:00:00 UTC,BRS 404,7,3,53,101,8,35,35.8,78.7,1825,2015-06-02 00:00:00 UTC
2016,2016-04-08 00:00:00 UTC,BRS264,7,3,44,93,8,20,39.38,80.3,3654,2016-05-22 00:00:00 UTC
2016,2016-04-08 00:00:00 UTC,BRILHANTE,7,3,53,105,3,15,39.98,81.6,3410,2016-05-31 00:00:00 UTC
2016,2016-04-08 00:00:00 UTC,BRS 404,7,3,52,102,2,25,41.88,41.3,3792,2016-05-30 00:00:00 UTC
2017,2017-04-10 00:00:00 UTC,BRS 404,7,3,52,103,1,50,40.65,82.37,2778.5,2017-06-01 00:00:00 UTC
2017,2017-04-10 00:00:00 UTC,BRILHANTE,7,3,54,105,0,0,38.54,78.35,2389.54,2017-06-03 00:00:00 UTC
2017,2017-04-10 00:00:00 UTC,BRS264,7,3,45,95,0,0,42.76,82.97,2856.35,2017-05-25 00:00:00 UTC
2018,2018-04-09 00:00:00 UTC,BRILHANTE,7,3,52,88,5,25,39.22,77.8,2035,2018-05-31 00:00:00 UTC
2018,2018-04-09 00:00:00 UTC,BRS264,7,3,45,80,1,10,41.39,82.6,2358,2018-05-24 00:00:00 UTC
2018,2018-04-09 00:00:00 UTC,BRS 404,7,3,49,85,0,0,41.35,81.3,2551,2018-05-28 00:00:00 UTC
2019,2019-04-05 00:00:00 UTC,SINTONIA,7,3,52,88,92,95,18.92,65.3,256.88,2019-05-27 00:00:00 UTC
2019,2019-04-05 00:00:00 UTC,BRS264,7,3,45,80,78,85,20.11,65.7,351.22,2019-05-20 00:00:00 UTC
2019,2019-04-05 00:00:00 UTC,BRS 404,7,3,49,85,71,65,19.33,72.3,358.14,2019-05-24 00:00:00 UTC
2013,2013-04-01 00:00:00 UTC,BRS264,7,4,43,92,34,55,21.2231,56.5,557,2013-05-14 00:00:00 UTC
2013,2013-04-01 00:00:00 UTC,BRILHANTE,7,4,50,99,15,34.6,26.298,66.6,831,2013-05-21 00:00:00 UTC
2014,2014-04-07 00:00:00 UTC,BRS264,7,4,45,99,9,45,40.3,78.4,1972.4,2014-05-22 00:00:00 UTC
2014,2014-04-07 00:00:00 UTC,BRILHANTE,7,4,48,106,2,45,41,83.814,2134,2014-05-25 00:00:00 UTC
2014,2014-04-07 00:00:00 UTC,PF080492,7,4,48,106,1,40,41.3,84.128,2354,2014-05-25 00:00:00 UTC
2015,2015-04-10 00:00:00 UTC,BRS264,7,4,46,92,25,45,36.5,78.3,1543,2015-05-26 00:00:00 UTC
2015,2015-04-10 00:00:00 UTC,BRS 404,7,4,53,101,13,50,36.5,78.4,1668,2015-06-02 00:00:00 UTC
2015,2015-04-10 00:00:00 UTC,BRILHANTE,7,4,57,106,3,50,37.2,77.8,1668,2015-06-06 00:00:00 UTC
2016,2016-04-08 00:00:00 UTC,BRS264,7,4,44,93,9,25,38.98,81.6,3561,2016-05-22 00:00:00 UTC
2016,2016-04-08 00:00:00 UTC,BRILHANTE,7,4,53,105,5,10,38.36,83.6,3286,2016-05-31 00:00:00 UTC
2016,2016-04-08 00:00:00 UTC,BRS 404,7,4,52,102,4,15,41.57,39.7,3647,2016-05-30 00:00:00 UTC
2017,2017-04-10 00:00:00 UTC,BRILHANTE,7,4,54,105,2,30,38.08,79.65,2235.57,2017-06-03 00:00:00 UTC
2017,2017-04-10 00:00:00 UTC,BRS264,7,4,45,95,0,0,42.56,82.05,2754.4,2017-05-25 00:00:00 UTC
2017,2017-04-10 00:00:00 UTC,BRS 404,7,4,52,103,0,0,41.65,80.66,2689.32,2017-06-01 00:00:00 UTC
2018,2018-04-09 00:00:00 UTC,BRS 404,7,4,49,85,3,20,39.89,80.2,2385,2018-05-28 00:00:00 UTC
2018,2018-04-09 00:00:00 UTC,BRS264,7,4,45,80,1,50,40.25,81.5,2650,2018-05-24 00:00:00 UTC
2018,2018-04-09 00:00:00 UTC,BRILHANTE,7,4,52,88,0,0,40.21,78.2,1860,2018-05-31 00:00:00 UTC
2019,2019-04-05 00:00:00 UTC,SINTONIA,7,4,52,88,93,95,15.88,64.2,177.52,2019-05-27 00:00:00 UTC
2019,2019-04-05 00:00:00 UTC,BRS264,7,4,45,80,82,80,21.03,65.2,287.63,2019-05-20 00:00:00 UTC
2019,2019-04-05 00:00:00 UTC,BRS 404,7,4,49,85,76,70,21.79,72.3,321.52,2019-05-24 00:00:00 UTC
2013,2013-04-08 00:00:00 UTC,BRS264,8,1,45,93,51,60,20.5587,59.8,603,2013-05-23 00:00:00 UTC
2013,2013-04-08 00:00:00 UTC,BRILHANTE,8,1,50,100,26,50,29.3328,70.5,1244,2013-05-28 00:00:00 UTC
2014,2014-04-14 00:00:00 UTC,BRS264,8,1,46,92,15,50,41.3,77.374,2541,2014-05-30 00:00:00 UTC
2014,2014-04-14 00:00:00 UTC,BRILHANTE,8,1,51,106,2,25,39.8,83.612,2139,2014-06-04 00:00:00 UTC
2014,2014-04-14 00:00:00 UTC,PF080492,8,1,51,106,1,60,41.3,81.81,3254,2014-06-04 00:00:00 UTC
2015,2015-04-17 00:00:00 UTC,BRS264,8,1,46,92,9,65,36.4,78.1,2168,2015-06-02 00:00:00 UTC
2015,2015-04-17 00:00:00 UTC,BRILHANTE,8,1,57,106,5,40,37.2,79.5,1550,2015-06-13 00:00:00 UTC
2015,2015-04-17 00:00:00 UTC,BRS 404,8,1,55,101,5,50,38.4,81.5,2354,2015-06-11 00:00:00 UTC
2016,2016-04-15 00:00:00 UTC,BRILHANTE,8,1,55,105,1,10,40.26,78.6,3346,2016-06-09 00:00:00 UTC
2016,2016-04-15 00:00:00 UTC,BRS264,8,1,45,95,1,40,41.28,79.6,3265,2016-05-30 00:00:00 UTC
2016,2016-04-15 00:00:00 UTC,BRS 404,8,1,53,103,0,0,39.17,79.4,3880,2016-06-07 00:00:00 UTC
2017,2017-04-17 00:00:00 UTC,BRILHANTE,8,1,56,105,0,0,41.2,78.06,2365.38,2017-06-12 00:00:00 UTC
2017,2017-04-17 00:00:00 UTC,BRS264,8,1,45,97,0,0,39.4,80.45,2688.4,2017-06-01 00:00:00 UTC
2017,2017-04-17 00:00:00 UTC,BRS 404,8,1,55,104,0,0,40.8,79.82,2879.65,2017-06-11 00:00:00 UTC
2018,2018-04-16 00:00:00 UTC,BRILHANTE,8,1,55,94,2,40,40.12,78,1870,2018-06-10 00:00:00 UTC
2018,2018-04-16 00:00:00 UTC,BRS264,8,1,46,87,1,50,40.69,79.8,2658,2018-06-01 00:00:00 UTC
2018,2018-04-16 00:00:00 UTC,BRS 404,8,1,53,94,0,0,39.57,82.4,2653,2018-06-08 00:00:00 UTC
2019,2019-04-12 00:00:00 UTC,SINTONIA,8,1,55,94,82,75,21.23,70.8,225.35,2019-06-06 00:00:00 UTC
2019,2019-04-12 00:00:00 UTC,BRS264,8,1,46,87,70,85,23.07,72.5,368.52,2019-05-28 00:00:00 UTC
2019,2019-04-12 00:00:00 UTC,BRS 404,8,1,53,94,45,55,26.43,74.9,388.45,2019-06-04 00:00:00 UTC
2013,2013-04-08 00:00:00 UTC,BRS264,8,2,45,93,49,70,20.195,60.5,491,2013-05-23 00:00:00 UTC
2013,2013-04-08 00:00:00 UTC,BRILHANTE,8,2,50,100,43,50,29.6588,71.2,1261,2013-05-28 00:00:00 UTC
2014,2014-04-14 00:00:00 UTC,BRS264,8,2,46,92,19,45,39.5,78.12,2345,2014-05-30 00:00:00 UTC
2014,2014-04-14 00:00:00 UTC,PF080492,8,2,51,106,3,40,38.8,82.176,2999,2014-06-04 00:00:00 UTC
2014,2014-04-14 00:00:00 UTC,BRILHANTE,8,2,51,106,1,60,38.5,81.498,2648,2014-06-04 00:00:00 UTC
2015,2015-04-17 00:00:00 UTC,BRS264,8,2,46,92,9,40,37.2,77,2355,2015-06-02 00:00:00 UTC
2015,2015-04-17 00:00:00 UTC,BRS 404,8,2,55,101,6,40,36,77.6,2443,2015-06-11 00:00:00 UTC
2015,2015-04-17 00:00:00 UTC,BRILHANTE,8,2,57,106,3,50,36.9,78,1625,2015-06-13 00:00:00 UTC
2016,2016-04-15 00:00:00 UTC,BRILHANTE,8,2,55,105,2,50,41.03,79.8,3254,2016-06-09 00:00:00 UTC
2016,2016-04-15 00:00:00 UTC,BRS 404,8,2,53,103,2,30,40.28,80.5,3489,2016-06-07 00:00:00 UTC
2016,2016-04-15 00:00:00 UTC,BRS264,8,2,45,95,0,0,40.66,81.3,3456,2016-05-30 00:00:00 UTC
2017,2017-04-17 00:00:00 UTC,BRS264,8,2,45,97,1,60,38.98,79.35,2988.31,2017-06-01 00:00:00 UTC
2017,2017-04-17 00:00:00 UTC,BRILHANTE,8,2,56,105,0,0,38.74,80.37,2456.89,2017-06-12 00:00:00 UTC
2017,2017-04-17 00:00:00 UTC,BRS 404,8,2,55,104,0,0,41.33,82.86,2968.31,2017-06-11 00:00:00 UTC
2018,2018-04-16 00:00:00 UTC,BRS264,8,2,46,87,3,20,41.35,78.4,2746,2018-06-01 00:00:00 UTC
2018,2018-04-16 00:00:00 UTC,BRILHANTE,8,2,55,94,0,0,39.55,81.3,2115,2018-06-10 00:00:00 UTC
2018,2018-04-16 00:00:00 UTC,BRS 404,8,2,53,94,0,0,40.38,79.6,2446,2018-06-08 00:00:00 UTC
2019,2019-04-12 00:00:00 UTC,SINTONIA,8,2,55,94,81,75,22.05,69.8,254.35,2019-06-06 00:00:00 UTC
2019,2019-04-12 00:00:00 UTC,BRS264,8,2,46,87,68,55,24.35,74.6,325.22,2019-05-28 00:00:00 UTC
2019,2019-04-12 00:00:00 UTC,BRS 404,8,2,53,94,48,55,27.08,76.1,342.68,2019-06-04 00:00:00 UTC
2013,2013-04-08 00:00:00 UTC,BRS264,8,3,45,93,57,75,19.6088,64,805,2013-05-23 00:00:00 UTC
2013,2013-04-08 00:00:00 UTC,BRILHANTE,8,3,50,100,21,55,29.398,68.4,966,2013-05-28 00:00:00 UTC
2014,2014-04-14 00:00:00 UTC,BRS264,8,3,46,92,18,50,35.4,78.144,2338,2014-05-30 00:00:00 UTC
2014,2014-04-14 00:00:00 UTC,PF080492,8,3,51,106,2,40,39.9,82.166,2451,2014-06-04 00:00:00 UTC
2014,2014-04-14 00:00:00 UTC,BRILHANTE,8,3,51,106,1,50,39.6,82.558,2098,2014-06-04 00:00:00 UTC
2015,2015-04-17 00:00:00 UTC,BRS264,8,3,46,92,7,55,36.8,78.6,2548,2015-06-02 00:00:00 UTC
2015,2015-04-17 00:00:00 UTC,BRILHANTE,8,3,57,106,3,45,38.5,82.3,1870,2015-06-13 00:00:00 UTC
2015,2015-04-17 00:00:00 UTC,BRS 404,8,3,55,101,2,35,37.8,79.3,2357,2015-06-11 00:00:00 UTC
2016,2016-04-15 00:00:00 UTC,BRS264,8,3,45,95,5,20,38.88,82.4,3189,2016-05-30 00:00:00 UTC
2016,2016-04-15 00:00:00 UTC,BRS 404,8,3,53,103,2,60,41.27,81.6,3773,2016-06-07 00:00:00 UTC
2016,2016-04-15 00:00:00 UTC,BRILHANTE,8,3,55,105,0,0,39.78,80.7,3125,2016-06-09 00:00:00 UTC
2017,2017-04-17 00:00:00 UTC,BRILHANTE,8,3,56,105,1,20,39.85,80.64,2563.89,2017-06-12 00:00:00 UTC
2017,2017-04-17 00:00:00 UTC,BRS264,8,3,45,97,0,0,42.33,81.35,2934.46,2017-06-01 00:00:00 UTC
2017,2017-04-17 00:00:00 UTC,BRS 404,8,3,55,104,0,0,42.04,81.5,3012.52,2017-06-11 00:00:00 UTC
2018,2018-04-16 00:00:00 UTC,BRILHANTE,8,3,55,94,0,0,38.4,80.8,2046,2018-06-10 00:00:00 UTC
2018,2018-04-16 00:00:00 UTC,BRS264,8,3,46,87,0,0,40.35,93.1,2534,2018-06-01 00:00:00 UTC
2018,2018-04-16 00:00:00 UTC,BRS 404,8,3,53,94,0,0,42.35,80.7,2706,2018-06-08 00:00:00 UTC
2019,2019-04-12 00:00:00 UTC,SINTONIA,8,3,55,94,88,85,16.58,72.4,289.35,2019-06-06 00:00:00 UTC
2019,2019-04-12 00:00:00 UTC,BRS264,8,3,46,87,82,75,23.08,76.3,298.35,2019-05-28 00:00:00 UTC
2019,2019-04-12 00:00:00 UTC,BRS 404,8,3,53,94,50,65,24.35,75.6,325.9,2019-06-04 00:00:00 UTC
2013,2013-04-08 00:00:00 UTC,BRS264,8,4,45,93,42,65,21.7036,61,806,2013-05-23 00:00:00 UTC
2013,2013-04-08 00:00:00 UTC,BRILHANTE,8,4,50,100,29,45,31.5892,74.3,1512,2013-05-28 00:00:00 UTC
2014,2014-04-14 00:00:00 UTC,BRS264,8,4,46,92,12,45,40.5,78.282,2497.066667,2014-05-30 00:00:00 UTC
2014,2014-04-14 00:00:00 UTC,BRILHANTE,8,4,51,106,1,20,40.9,81.948,2087,2014-06-04 00:00:00 UTC
2014,2014-04-14 00:00:00 UTC,PF080492,8,4,51,106,0,0,40.2,82.006,3025,2014-06-04 00:00:00 UTC
2015,2015-04-17 00:00:00 UTC,BRS264,8,4,46,92,16,55,37.6,80.3,2054,2015-06-02 00:00:00 UTC
2015,2015-04-17 00:00:00 UTC,BRS 404,8,4,55,101,8,50,37,78.4,2333,2015-06-11 00:00:00 UTC
2015,2015-04-17 00:00:00 UTC,BRILHANTE,8,4,57,106,5,65,36,78.6,1962,2015-06-13 00:00:00 UTC
2016,2016-04-15 00:00:00 UTC,BRS264,8,4,45,95,6,10,39.46,78.3,3564,2016-05-30 00:00:00 UTC
2016,2016-04-15 00:00:00 UTC,BRILHANTE,8,4,55,105,4,60,38.48,82.3,3102,2016-06-09 00:00:00 UTC
2016,2016-04-15 00:00:00 UTC,BRS 404,8,4,53,103,0,0,42.26,79.3,3465,2016-06-07 00:00:00 UTC
2017,2017-04-17 00:00:00 UTC,BRILHANTE,8,4,56,105,0,0,38.46,79.48,2789.34,2017-06-12 00:00:00 UTC
2017,2017-04-17 00:00:00 UTC,BRS264,8,4,45,97,0,0,41.55,82.78,2689.35,2017-06-01 00:00:00 UTC
2017,2017-04-17 00:00:00 UTC,BRS 404,8,4,55,104,0,0,42.65,81.35,2897.21,2017-06-11 00:00:00 UTC
2018,2018-04-16 00:00:00 UTC,BRILHANTE,8,4,55,94,1,60,38.99,78.3,2035,2018-06-10 00:00:00 UTC
2018,2018-04-16 00:00:00 UTC,BRS264,8,4,46,87,0,0,39.56,82.6,2468,2018-06-01 00:00:00 UTC
2018,2018-04-16 00:00:00 UTC,BRS 404,8,4,53,94,0,0,40.94,81.3,2554,2018-06-08 00:00:00 UTC
2019,2019-04-12 00:00:00 UTC,SINTONIA,8,4,55,94,86,90,14.35,70.8,201.38,2019-06-06 00:00:00 UTC
2019,2019-04-12 00:00:00 UTC,BRS264,8,4,46,87,51,65,24.35,75.8,322.46,2019-05-28 00:00:00 UTC
2019,2019-04-12 00:00:00 UTC,BRS 404,8,4,53,94,47,55,27.98,74.6,358.33,2019-06-04 00:00:00 UTC
2013,2013-04-15 00:00:00 UTC,BRS264,9,1,45,96,42,70,26.5503,71,1637,2013-05-30 00:00:00 UTC
2013,2013-04-15 00:00:00 UTC,BRILHANTE,9,1,51,102,4,40,38.5523,80.4,2297,2013-06-05 00:00:00 UTC
2014,2014-04-21 00:00:00 UTC,BRS264,9,1,46,92,4,45,37.8,82.352,2354,2014-06-06 00:00:00 UTC
2014,2014-04-21 00:00:00 UTC,BRILHANTE,9,1,51,106,3,50,41.8,83.256,2985,2014-06-11 00:00:00 UTC
2014,2014-04-21 00:00:00 UTC,PF080492,9,1,51,106,1,30,40.2,81.938,2250.4,2014-06-11 00:00:00 UTC
2015,2015-04-24 00:00:00 UTC,BRS264,9,1,46,92,7,35,38.9,81.4,3357,2015-06-09 00:00:00 UTC
2015,2015-04-24 00:00:00 UTC,BRS 404,9,1,50,102,1,50,36.8,78.9,3267,2015-06-13 00:00:00 UTC
2015,2015-04-24 00:00:00 UTC,BRILHANTE,9,1,57,106,0,0,36.4,78.2,2897,2015-06-20 00:00:00 UTC
2016,2016-04-22 00:00:00 UTC,BRS264,9,1,45,93,2,20,40.8,78.4,3653,2016-06-06 00:00:00 UTC
2016,2016-04-22 00:00:00 UTC,BRILHANTE,9,1,56,105,1,50,38.88,77.8,3247,2016-06-17 00:00:00 UTC
2016,2016-04-22 00:00:00 UTC,BRS 404,9,1,52,104,0,0,41.16,79.3,3895,2016-06-13 00:00:00 UTC
2017,2017-04-24 00:00:00 UTC,BRILHANTE,9,1,58,107,0,0,38.69,78.68,2788.35,2017-06-21 00:00:00 UTC
2017,2017-04-24 00:00:00 UTC,BRS264,9,1,48,97,0,0,41.23,82.41,2981.13,2017-06-11 00:00:00 UTC
2017,2017-04-24 00:00:00 UTC,BRS 404,9,1,56,105,0,0,38.35,81.66,2897.65,2017-06-19 00:00:00 UTC
2018,2018-04-23 00:00:00 UTC,BRS264,9,1,46,92,4,40,41.06,80.4,2652,2018-06-08 00:00:00 UTC
2018,2018-04-23 00:00:00 UTC,BRILHANTE,9,1,57,98,1,40,39.45,81.3,2135,2018-06-19 00:00:00 UTC
2018,2018-04-23 00:00:00 UTC,BRS 404,9,1,55,98,0,0,40.56,82.5,2741,2018-06-17 00:00:00 UTC
2019,2019-04-19 00:00:00 UTC,SINTONIA,9,1,57,98,78,65,21.32,73.5,256.65,2019-06-15 00:00:00 UTC
2019,2019-04-19 00:00:00 UTC,BRS264,9,1,46,92,65,80,24.93,76.2,232.09,2019-06-04 00:00:00 UTC
2019,2019-04-19 00:00:00 UTC,BRS 404,9,1,55,98,39,50,27.25,74.6,426.45,2019-06-13 00:00:00 UTC
2013,2013-04-15 00:00:00 UTC,BRS264,9,2,45,96,32,65,30.6884,72.1,1798,2013-05-30 00:00:00 UTC
2013,2013-04-15 00:00:00 UTC,BRILHANTE,9,2,51,102,7,45,38.2988,80.4,1941,2013-06-05 00:00:00 UTC
2014,2014-04-21 00:00:00 UTC,BRS264,9,2,46,92,5,40,41.3,81.868,2606,2014-06-06 00:00:00 UTC
2014,2014-04-21 00:00:00 UTC,PF080492,9,2,51,106,2,50,38.6,84.444,2133,2014-06-11 00:00:00 UTC
2014,2014-04-21 00:00:00 UTC,BRILHANTE,9,2,51,106,0,0,38.6,82.182,2698,2014-06-11 00:00:00 UTC
2015,2015-04-24 00:00:00 UTC,BRS264,9,2,46,92,5,65,38,80.2,3564,2015-06-09 00:00:00 UTC
2015,2015-04-24 00:00:00 UTC,BRILHANTE,9,2,57,106,0,0,37,78.3,3015,2015-06-20 00:00:00 UTC
2015,2015-04-24 00:00:00 UTC,BRS 404,9,2,50,102,0,0,36.7,77.2,3557,2015-06-13 00:00:00 UTC
2016,2016-04-22 00:00:00 UTC,BRS 404,9,2,52,104,1,10,39.58,81.2,3550,2016-06-13 00:00:00 UTC
2016,2016-04-22 00:00:00 UTC,BRILHANTE,9,2,56,105,0,0,40.16,80.9,2165,2016-06-17 00:00:00 UTC
2016,2016-04-22 00:00:00 UTC,BRS264,9,2,45,93,0,0,41.25,82.5,3240,2016-06-06 00:00:00 UTC
2017,2017-04-24 00:00:00 UTC,BRILHANTE,9,2,58,107,1,10,39.65,79.52,2668.35,2017-06-21 00:00:00 UTC
2017,2017-04-24 00:00:00 UTC,BRS264,9,2,48,97,0,0,42.35,80.87,2964.35,2017-06-11 00:00:00 UTC
2017,2017-04-24 00:00:00 UTC,BRS 404,9,2,56,105,0,0,39.46,80.38,3125.65,2017-06-19 00:00:00 UTC
2018,2018-04-23 00:00:00 UTC,BRILHANTE,9,2,57,98,0,0,38.56,80.8,2231,2018-06-19 00:00:00 UTC
2018,2018-04-23 00:00:00 UTC,BRS264,9,2,46,92,0,0,39.45,82.6,2784,2018-06-08 00:00:00 UTC
2018,2018-04-23 00:00:00 UTC,BRS 404,9,2,55,98,0,0,41.79,79.5,2553,2018-06-17 00:00:00 UTC
2019,2019-04-19 00:00:00 UTC,SINTONIA,9,2,57,98,70,75,25.44,72.5,258.45,2019-06-15 00:00:00 UTC
2019,2019-04-19 00:00:00 UTC,BRS 404,9,2,55,98,48,55,28.34,76.3,395.11,2019-06-13 00:00:00 UTC
2019,2019-04-19 00:00:00 UTC,BRS264,9,2,46,92,40,65,23.54,74.3,439.05,2019-06-04 00:00:00 UTC
2013,2013-04-15 00:00:00 UTC,BRS264,9,3,45,96,39,55,29.5538,70.4,1504,2013-05-30 00:00:00 UTC
2013,2013-04-15 00:00:00 UTC,BRILHANTE,9,3,51,102,5,35,41.5899,80.9,2363,2013-06-05 00:00:00 UTC
2014,2014-04-21 00:00:00 UTC,BRS264,9,3,46,92,3,60,40.2,82.138,2385,2014-06-06 00:00:00 UTC
2014,2014-04-21 00:00:00 UTC,BRILHANTE,9,3,51,106,2,35,40.2,82.47,2445,2014-06-11 00:00:00 UTC
2014,2014-04-21 00:00:00 UTC,PF080492,9,3,51,106,0,0,39.8,81.398,2187,2014-06-11 00:00:00 UTC
2015,2015-04-24 00:00:00 UTC,BRS264,9,3,46,92,4,40,37.5,79.5,3666,2015-06-09 00:00:00 UTC
2015,2015-04-24 00:00:00 UTC,BRILHANTE,9,3,57,106,2,50,36,77.5,3468.3,2015-06-20 00:00:00 UTC
2015,2015-04-24 00:00:00 UTC,BRS 404,9,3,50,102,2,50,38.5,80.8,3564,2015-06-13 00:00:00 UTC
2016,2016-04-22 00:00:00 UTC,BRS264,9,3,45,93,1,80,39.56,84.9,3742,2016-06-06 00:00:00 UTC
2016,2016-04-22 00:00:00 UTC,BRILHANTE,9,3,56,105,0,0,38.56,82.31,3547,2016-06-17 00:00:00 UTC
2016,2016-04-22 00:00:00 UTC,BRS 404,9,3,52,104,0,0,38.67,82.3,3741,2016-06-13 00:00:00 UTC
2017,2017-04-24 00:00:00 UTC,BRS264,9,3,48,97,1,30,41.86,78.68,2883.64,2017-06-11 00:00:00 UTC
2017,2017-04-24 00:00:00 UTC,BRILHANTE,9,3,58,107,0,0,39.46,80.35,2875.03,2017-06-21 00:00:00 UTC
2017,2017-04-24 00:00:00 UTC,BRS 404,9,3,56,105,0,0,39.12,79.65,3225.34,2017-06-19 00:00:00 UTC
2018,2018-04-23 00:00:00 UTC,BRILHANTE,9,3,57,98,2,30,38.34,78.9,1980,2018-06-19 00:00:00 UTC
2018,2018-04-23 00:00:00 UTC,BRS264,9,3,46,92,0,0,38.68,81.3,2556,2018-06-08 00:00:00 UTC
2018,2018-04-23 00:00:00 UTC,BRS 404,9,3,55,98,0,0,39.55,81.5,2546,2018-06-17 00:00:00 UTC
2019,2019-04-19 00:00:00 UTC,SINTONIA,9,3,57,98,82,75,18.25,74.3,209.54,2019-06-15 00:00:00 UTC
2019,2019-04-19 00:00:00 UTC,BRS264,9,3,46,92,56,70,22.04,74.9,396,2019-06-04 00:00:00 UTC
2019,2019-04-19 00:00:00 UTC,BRS 404,9,3,55,98,38,60,24.87,75.2,452.11,2019-06-13 00:00:00 UTC
2013,2013-04-15 00:00:00 UTC,BRS264,9,4,45,96,34,45,27.3989,69.2,1261,2013-05-30 00:00:00 UTC
2013,2013-04-15 00:00:00 UTC,BRILHANTE,9,4,51,102,6,55,40.0984,81.1,2089,2013-06-05 00:00:00 UTC
2014,2014-04-21 00:00:00 UTC,BRS264,9,4,46,92,4,40,39.8,81.066,2628,2014-06-06 00:00:00 UTC
2014,2014-04-21 00:00:00 UTC,BRILHANTE,9,4,51,106,1,80,38.4,82.164,2157,2014-06-11 00:00:00 UTC
2014,2014-04-21 00:00:00 UTC,PF080492,9,4,51,106,0,0,41.6,81.654,2365,2014-06-11 00:00:00 UTC
2015,2015-04-24 00:00:00 UTC,BRS264,9,4,46,92,10,35,36.8,77.3,3010,2015-06-09 00:00:00 UTC
2015,2015-04-24 00:00:00 UTC,BRILHANTE,9,4,57,106,3,70,37.2,80.1,2789,2015-06-20 00:00:00 UTC
2015,2015-04-24 00:00:00 UTC,BRS 404,9,4,50,102,0,0,36.1,78.3,3265,2015-06-13 00:00:00 UTC
2016,2016-04-22 00:00:00 UTC,BRS264,9,4,45,93,1,60,41.27,82.4,3652,2016-06-06 00:00:00 UTC
2016,2016-04-22 00:00:00 UTC,BRILHANTE,9,4,56,105,0,0,41.09,78.6,3228,2016-06-17 00:00:00 UTC
2016,2016-04-22 00:00:00 UTC,BRS 404,9,4,52,104,0,0,39.76,82.5,3457,2016-06-13 00:00:00 UTC
2017,2017-04-24 00:00:00 UTC,BRILHANTE,9,4,58,107,0,0,38.77,81.79,2550.35,2017-06-21 00:00:00 UTC
2017,2017-04-24 00:00:00 UTC,BRS264,9,4,48,97,0,0,42.32,82.34,3125.32,2017-06-11 00:00:00 UTC
2017,2017-04-24 00:00:00 UTC,BRS 404,9,4,56,105,0,0,41.07,78.89,2883.45,2017-06-19 00:00:00 UTC
2018,2018-04-23 00:00:00 UTC,BRS264,9,4,46,92,1,50,42.31,80.6,2600,2018-06-08 00:00:00 UTC
2018,2018-04-23 00:00:00 UTC,BRS 404,9,4,55,98,1,50,41.85,81.4,2654,2018-06-17 00:00:00 UTC
2018,2018-04-23 00:00:00 UTC,BRILHANTE,9,4,57,98,0,0,39.22,79.8,2110,2018-06-19 00:00:00 UTC
2019,2019-04-19 00:00:00 UTC,SINTONIA,9,4,57,98,84,70,21.98,72.8,274.32,2019-06-15 00:00:00 UTC
2019,2019-04-19 00:00:00 UTC,BRS 404,9,4,55,98,65,55,23.65,75.3,386.25,2019-06-13 00:00:00 UTC
2019,2019-04-19 00:00:00 UTC,BRS264,9,4,46,92,45,65,25.33,72.8,399.93,2019-06-04 00:00:00 UTC
2013,2013-04-22 00:00:00 UTC,BRS264,10,1,45,96,12,45,30.5887,77.3,1597,2013-06-06 00:00:00 UTC
2013,2013-04-22 00:00:00 UTC,BRILHANTE,10,1,51,103,3,60,39.8094,79.2,1999,2013-06-12 00:00:00 UTC
2014,2014-04-28 00:00:00 UTC,BRS264,10,1,46,92,5,60,40.3,80.26956522,3317.733333,2014-06-13 00:00:00 UTC
2014,2014-04-28 00:00:00 UTC,BRILHANTE,10,1,53,106,2,45,41.8,83.504,3076.733333,2014-06-20 00:00:00 UTC
2014,2014-04-28 00:00:00 UTC,PF080492,10,1,53,106,1,40,39.4,83.804,2828,2014-06-20 00:00:00 UTC
2015,2015-05-01 00:00:00 UTC,BRS264,10,1,46,92,3,40,37.6,79.6,3426,2015-06-16 00:00:00 UTC
2015,2015-05-01 00:00:00 UTC,BRS 404,10,1,50,102,3,35,37.2,78.3,3456,2015-06-20 00:00:00 UTC
2015,2015-05-01 00:00:00 UTC,BRILHANTE,10,1,56,106,0,0,36.7,77.9,3216,2015-06-26 00:00:00 UTC
2016,2016-04-29 00:00:00 UTC,BRILHANTE,10,1,55,106,0,0,39.51,79.4,2865,2016-06-23 00:00:00 UTC
2016,2016-04-29 00:00:00 UTC,BRS264,10,1,46,94,0,0,38.62,78.9,3541,2016-06-14 00:00:00 UTC
2016,2016-04-29 00:00:00 UTC,BRS 404,10,1,51,105,0,0,39.71,78.5,3458,2016-06-19 00:00:00 UTC
2017,2017-04-24 00:00:00 UTC,BRILHANTE,10,1,59,105,0,0,41.38,80.32,2589.62,2017-06-22 00:00:00 UTC
2017,2017-05-02 00:00:00 UTC,BRS264,10,1,48,95,0,0,41.35,80.12,2967.86,2017-06-19 00:00:00 UTC
2017,2017-05-02 00:00:00 UTC,BRS 404,10,1,57,105,0,0,40.25,80.35,3088.65,2017-06-28 00:00:00 UTC
2018,2018-04-30 00:00:00 UTC,BRILHANTE,10,1,58,102,1,60,40.21,80.7,1879,2018-06-27 00:00:00 UTC
2018,2018-04-30 00:00:00 UTC,BRS264,10,1,46,93,1,20,42.86,80.6,2756,2018-06-15 00:00:00 UTC
2018,2018-04-30 00:00:00 UTC,BRS 404,10,1,56,101,0,0,40.55,81.7,2875,2018-06-25 00:00:00 UTC
2019,2019-04-26 00:00:00 UTC,SINTONIA,10,1,58,102,38,50,24.1,74.2,573.63,2019-06-23 00:00:00 UTC
2019,2019-04-26 00:00:00 UTC,BRS264,10,1,46,93,35,50,25.94,76.3,527.6,2019-06-11 00:00:00 UTC
2019,2019-04-26 00:00:00 UTC,BRS 404,10,1,56,101,28,60,31.26,78.2,695.55,2019-06-21 00:00:00 UTC
2013,2013-04-22 00:00:00 UTC,BRS264,10,2,45,96,41,50,34.2598,73.9,1779,2013-06-06 00:00:00 UTC
2013,2013-04-22 00:00:00 UTC,BRILHANTE,10,2,51,103,1,10,41.8037,74.8,2014,2013-06-12 00:00:00 UTC
2014,2014-04-28 00:00:00 UTC,BRS264,10,2,46,92,4,70,41.3,80.722,3205,2014-06-13 00:00:00 UTC
2014,2014-04-28 00:00:00 UTC,BRILHANTE,10,2,53,106,0,0,40.5,82.116,3181.066667,2014-06-20 00:00:00 UTC
2014,2014-04-28 00:00:00 UTC,PF080492,10,2,53,106,0,0,38.6,82.574,2595.066667,2014-06-20 00:00:00 UTC
2015,2015-05-01 00:00:00 UTC,BRS 404,10,2,50,102,3,40,36.7,78.2,3687,2015-06-20 00:00:00 UTC
2015,2015-05-01 00:00:00 UTC,BRILHANTE,10,2,56,106,2,35,37.1,78.3,3368,2015-06-26 00:00:00 UTC
2015,2015-05-01 00:00:00 UTC,BRS264,10,2,46,92,1,60,36.9,78.2,3428,2015-06-16 00:00:00 UTC
2016,2016-04-29 00:00:00 UTC,BRILHANTE,10,2,55,106,0,0,40.21,78.6,3065,2016-06-23 00:00:00 UTC
2016,2016-04-29 00:00:00 UTC,BRS264,10,2,46,94,0,0,39.41,80.3,2998,2016-06-14 00:00:00 UTC
2016,2016-04-29 00:00:00 UTC,BRS 404,10,2,51,105,0,0,41.18,79.6,3546,2016-06-19 00:00:00 UTC
2017,2017-05-02 00:00:00 UTC,BRS264,10,2,48,95,1,1,42.54,81.36,3225.64,2017-06-19 00:00:00 UTC
2017,2017-05-02 00:00:00 UTC,BRILHANTE,10,2,59,105,0,0,42.65,78.49,2875.65,2017-06-30 00:00:00 UTC
2017,2017-05-02 00:00:00 UTC,BRS 404,10,2,57,105,0,0,42.45,81.25,2999.87,2017-06-28 00:00:00 UTC
2018,2018-04-30 00:00:00 UTC,BRILHANTE,10,2,58,102,0,0,38.33,79.1,2325,2018-06-27 00:00:00 UTC
2018,2018-04-30 00:00:00 UTC,BRS264,10,2,46,93,0,0,41.5,84.1,2668,2018-06-15 00:00:00 UTC
2018,2018-04-30 00:00:00 UTC,BRS 404,10,2,56,101,0,0,41.63,82,2658,2018-06-25 00:00:00 UTC
2019,2019-04-26 00:00:00 UTC,SINTONIA,10,2,58,102,35,60,27.86,76.2,527.38,2019-06-23 00:00:00 UTC
2019,2019-04-26 00:00:00 UTC,BRS264,10,2,46,93,32,65,27.86,75.3,661.41,2019-06-11 00:00:00 UTC
2019,2019-04-26 00:00:00 UTC,BRS 404,10,2,56,101,31,65,28.02,75.6,670.98,2019-06-21 00:00:00 UTC
2013,2013-04-22 00:00:00 UTC,BRS264,10,3,45,96,22,55,34.705,76.1,1671,2013-06-06 00:00:00 UTC
2013,2013-04-22 00:00:00 UTC,BRILHANTE,10,3,51,103,2,40,41.7055,76.8,2145,2013-06-12 00:00:00 UTC
2014,2014-04-28 00:00:00 UTC,BRS264,10,3,46,92,4,60,40.2,83.27142857,3241,2014-06-13 00:00:00 UTC
2014,2014-04-28 00:00:00 UTC,BRILHANTE,10,3,53,106,2,55,38.6,83.482,3189.066667,2014-06-20 00:00:00 UTC
2014,2014-04-28 00:00:00 UTC,PF080492,10,3,53,106,1,30,39.8,81.538,2284.066667,2014-06-20 00:00:00 UTC
2015,2015-05-01 00:00:00 UTC,BRS264,10,3,46,92,5,45,37.2,77.6,3148,2015-06-16 00:00:00 UTC
2015,2015-05-01 00:00:00 UTC,BRILHANTE,10,3,56,106,3,50,36.1,78.5,3089.5,2015-06-26 00:00:00 UTC
2015,2015-05-01 00:00:00 UTC,BRS 404,10,3,50,102,1,40,36.9,75.3,3335,2015-06-20 00:00:00 UTC
2016,2016-04-29 00:00:00 UTC,BRS264,10,3,46,94,3,40,40.33,79.6,3451,2016-06-14 00:00:00 UTC
2016,2016-04-29 00:00:00 UTC,BRILHANTE,10,3,55,106,1,10,40.62,81.5,3121,2016-06-23 00:00:00 UTC
2016,2016-04-29 00:00:00 UTC,BRS 404,10,3,51,105,0,0,38.63,81.2,3058,2016-06-19 00:00:00 UTC
2017,2017-05-02 00:00:00 UTC,BRILHANTE,10,3,59,105,0,0,41.77,78.35,2468.35,2017-06-30 00:00:00 UTC
2017,2017-05-02 00:00:00 UTC,BRS264,10,3,48,95,0,0,42.62,82.46,3044.68,2017-06-19 00:00:00 UTC
2017,2017-05-02 00:00:00 UTC,BRS 404,10,3,57,105,0,0,40.39,78.68,2896.87,2017-06-28 00:00:00 UTC
2018,2018-04-30 00:00:00 UTC,BRS264,10,3,46,93,1,30,41.35,82.3,2702,2018-06-15 00:00:00 UTC
2018,2018-04-30 00:00:00 UTC,BRILHANTE,10,3,58,102,0,0,38.25,80.6,2156,2018-06-27 00:00:00 UTC
2018,2018-04-30 00:00:00 UTC,BRS 404,10,3,56,101,0,0,42.38,82.9,2860,2018-06-25 00:00:00 UTC
2019,2019-04-26 00:00:00 UTC,BRS264,10,3,46,93,37,70,29.23,76.9,603.95,2019-06-11 00:00:00 UTC
2019,2019-04-26 00:00:00 UTC,BRS 404,10,3,56,101,35,55,30.22,76,523.53,2019-06-21 00:00:00 UTC
2019,2019-04-26 00:00:00 UTC,SINTONIA,10,3,58,102,30,55,28.66,73.8,623.55,2019-06-23 00:00:00 UTC
2013,2013-04-22 00:00:00 UTC,BRS264,10,4,45,96,24,45,30.958,76.5,1874,2013-06-06 00:00:00 UTC
2013,2013-04-22 00:00:00 UTC,BRILHANTE,10,4,51,103,2,65,38.3384,77.8,2062,2013-06-12 00:00:00 UTC
2014,2014-04-28 00:00:00 UTC,BRS264,10,4,46,92,3,50,39.3,80.2,3621,2014-06-13 00:00:00 UTC
2014,2014-04-28 00:00:00 UTC,PF080492,10,4,53,106,2,45,40.5,83.74,2749.733333,2014-06-20 00:00:00 UTC
2014,2014-04-28 00:00:00 UTC,BRILHANTE,10,4,53,106,1,90,39.8,82.064,2706.4,2014-06-20 00:00:00 UTC
2015,2015-05-01 00:00:00 UTC,BRS264,10,4,46,92,3,40,38.9,81.3,3554,2015-06-16 00:00:00 UTC
2015,2015-05-01 00:00:00 UTC,BRILHANTE,10,4,56,106,2,35,38.9,80.3,3257.2,2015-06-26 00:00:00 UTC
2015,2015-05-01 00:00:00 UTC,BRS 404,10,4,50,102,1,50,38.2,81.8,3524,2015-06-20 00:00:00 UTC
2016,2016-04-29 00:00:00 UTC,BRS 404,10,4,51,105,1,50,50.24,81.5,3557,2016-06-19 00:00:00 UTC
2016,2016-04-29 00:00:00 UTC,BRILHANTE,10,4,55,106,0,0,39.58,80.7,2784,2016-06-23 00:00:00 UTC
2016,2016-04-29 00:00:00 UTC,BRS264,10,4,46,94,0,0,38.62,81.5,3266,2016-06-14 00:00:00 UTC
2017,2017-05-02 00:00:00 UTC,BRILHANTE,10,4,59,105,0,0,40.6,80.58,2987.35,2017-06-30 00:00:00 UTC
2017,2017-05-02 00:00:00 UTC,BRS264,10,4,48,95,0,0,41.75,81.21,3127.47,2017-06-19 00:00:00 UTC
2017,2017-05-02 00:00:00 UTC,BRS 404,10,4,57,105,0,0,38.94,82.92,3225.68,2017-06-28 00:00:00 UTC
2018,2018-04-30 00:00:00 UTC,BRILHANTE,10,4,58,102,0,0,40.32,78.3,2435,2018-06-27 00:00:00 UTC
2018,2018-04-30 00:00:00 UTC,BRS264,10,4,46,93,0,0,40.52,81,2699,2018-06-15 00:00:00 UTC
2018,2018-04-30 00:00:00 UTC,BRS 404,10,4,56,101,0,0,40.52,81.3,2483,2018-06-25 00:00:00 UTC
2019,2019-04-26 00:00:00 UTC,SINTONIA,10,4,58,102,32,70,24.82,74.3,598.33,2019-06-23 00:00:00 UTC
2019,2019-04-26 00:00:00 UTC,BRS 404,10,4,56,101,32,50,28.94,76.2,645.7,2019-06-21 00:00:00 UTC
2019,2019-04-26 00:00:00 UTC,BRS264,10,4,46,93,30,55,25.16,75.3,468.17,2019-06-11 00:00:00 UTC
2013,2013-04-29 00:00:00 UTC,BRS264,11,1,45,96,4,35,36.5899,80.7,2536,2013-06-13 00:00:00 UTC
2013,2013-04-29 00:00:00 UTC,BRILHANTE,11,1,53,103,1,90,39.887,79.3,2181,2013-06-21 00:00:00 UTC
2014,2014-05-05 00:00:00 UTC,BRS264,11,1,46,92,1,60,41.3,80.782,3689.4,2014-06-20 00:00:00 UTC
2014,2014-05-05 00:00:00 UTC,BRILHANTE,11,1,55,106,0,0,41.3,85.206,2252.066667,2014-06-29 00:00:00 UTC
2014,2014-05-05 00:00:00 UTC,PF080492,11,1,55,106,0,0,39.2,85.084,2358,2014-06-29 00:00:00 UTC
2015,2015-05-08 00:00:00 UTC,BRILHANTE,11,1,56,106,0,0,38.6,82.3,3666,2015-07-03 00:00:00 UTC
2015,2015-05-08 00:00:00 UTC,BRS264,11,1,46,95,0,0,36.7,78.6,3998,2015-06-23 00:00:00 UTC
2015,2015-05-08 00:00:00 UTC,BRS 404,11,1,50,102,0,0,37,80.2,3054,2015-06-27 00:00:00 UTC
2016,2016-05-06 00:00:00 UTC,BRILHANTE,11,1,55,107,1,20,39.62,78.5,2587,2016-06-30 00:00:00 UTC
2016,2016-05-06 00:00:00 UTC,BRS264,11,1,46,96,1,70,41.32,79.6,2974,2016-06-21 00:00:00 UTC
2016,2016-05-06 00:00:00 UTC,BRS 404,11,1,52,104,0,0,41.32,78.6,3147,2016-06-27 00:00:00 UTC
2017,2017-05-08 00:00:00 UTC,BRILHANTE,11,1,59,106,0,0,38.53,80.45,2887.6,2017-07-06 00:00:00 UTC
2017,2017-05-08 00:00:00 UTC,BRS264,11,1,50,95,0,0,41.64,81.25,3125.8,2017-06-27 00:00:00 UTC
2017,2017-05-08 00:00:00 UTC,BRS 404,11,1,58,104,0,0,39.58,83.45,3258.65,2017-07-05 00:00:00 UTC
2018,2018-05-07 00:00:00 UTC,BRILHANTE,11,1,58,105,0,0,41.3,79.4,1965,2018-07-04 00:00:00 UTC
2018,2018-05-07 00:00:00 UTC,BRS264,11,1,45,95,0,0,40.47,80.5,2746,2018-06-21 00:00:00 UTC
2018,2018-05-07 00:00:00 UTC,BRS 404,11,1,56,103,0,0,41.46,80.8,2863,2018-07-02 00:00:00 UTC
2019,2019-05-03 00:00:00 UTC,BRS264,11,1,45,95,28,65,32.34,77.8,891.14,2019-06-17 00:00:00 UTC
2019,2019-05-03 00:00:00 UTC,SINTONIA,11,1,58,105,22,60,31.58,76.5,800.93,2019-06-30 00:00:00 UTC
2019,2019-05-03 00:00:00 UTC,BRS 404,11,1,56,103,12,55,38.25,75.3,1084.48,2019-06-28 00:00:00 UTC
2013,2013-04-29 00:00:00 UTC,BRS264,11,2,45,96,3,50,36.5036,79.6,2114,2013-06-13 00:00:00 UTC
2013,2013-04-29 00:00:00 UTC,BRILHANTE,11,2,53,103,1,80,39.5604,78,1734,2013-06-21 00:00:00 UTC
2014,2014-05-05 00:00:00 UTC,BRS264,11,2,46,92,1,10,40.2,83.6,3577.4,2014-06-20 00:00:00 UTC
2014,2014-05-05 00:00:00 UTC,BRILHANTE,11,2,55,106,0,0,40.2,84.416,2230.090909,2014-06-29 00:00:00 UTC
2014,2014-05-05 00:00:00 UTC,PF080492,11,2,55,106,0,0,38.7,84.426,2665.733333,2014-06-29 00:00:00 UTC
2015,2015-05-08 00:00:00 UTC,BRS264,11,2,46,95,2,60,36.8,77.3,3687,2015-06-23 00:00:00 UTC
2015,2015-05-08 00:00:00 UTC,BRS 404,11,2,50,102,1,20,38,82.6,3412,2015-06-27 00:00:00 UTC
2015,2015-05-08 00:00:00 UTC,BRILHANTE,11,2,56,106,0,0,37.2,73.4,3088.7,2015-07-03 00:00:00 UTC
2016,2016-05-06 00:00:00 UTC,BRILHANTE,11,2,55,107,0,0,38.65,78.6,2658,2016-06-30 00:00:00 UTC
2016,2016-05-06 00:00:00 UTC,BRS264,11,2,46,96,0,0,39.7,80.5,3005,2016-06-21 00:00:00 UTC
2016,2016-05-06 00:00:00 UTC,BRS 404,11,2,52,104,0,0,40.48,83.1,2889,2016-06-27 00:00:00 UTC
2017,2017-05-08 00:00:00 UTC,BRILHANTE,11,2,59,106,0,0,38.66,78.65,2987,2017-07-06 00:00:00 UTC
2017,2017-05-08 00:00:00 UTC,BRS264,11,2,50,95,0,0,40.87,82.84,3265.46,2017-06-27 00:00:00 UTC
2017,2017-05-08 00:00:00 UTC,BRS 404,11,2,58,104,0,0,38.67,80.24,3089.35,2017-07-05 00:00:00 UTC
2018,2018-05-07 00:00:00 UTC,BRS264,11,2,45,95,1,10,41.38,79.8,2882,2018-06-21 00:00:00 UTC
2018,2018-05-07 00:00:00 UTC,BRILHANTE,11,2,58,105,0,0,38.41,78.2,2224,2018-07-04 00:00:00 UTC
2018,2018-05-07 00:00:00 UTC,BRS 404,11,2,56,103,0,0,40.85,83.2,2553,2018-07-02 00:00:00 UTC
2019,2019-05-03 00:00:00 UTC,SINTONIA,11,2,58,105,25,65,34.33,77.3,759.44,2019-06-30 00:00:00 UTC
2019,2019-05-03 00:00:00 UTC,BRS264,11,2,45,95,23,50,31.12,78,829.03,2019-06-17 00:00:00 UTC
2019,2019-05-03 00:00:00 UTC,BRS 404,11,2,56,103,10,60,39.33,77.8,1063.09,2019-06-28 00:00:00 UTC
2013,2013-04-29 00:00:00 UTC,BRILHANTE,11,3,53,103,4,60,37.8829,79.1,1663,2013-06-21 00:00:00 UTC
2013,2013-04-29 00:00:00 UTC,BRS264,11,3,45,96,3,45,35.7029,80.6,2175,2013-06-13 00:00:00 UTC
2014,2014-05-05 00:00:00 UTC,BRILHANTE,11,3,55,106,1,50,39.5,86.522,2825.733333,2014-06-29 00:00:00 UTC
2014,2014-05-05 00:00:00 UTC,BRS264,11,3,46,92,1,40,37.8,81.01492537,2678.733333,2014-06-20 00:00:00 UTC
2014,2014-05-05 00:00:00 UTC,PF080492,11,3,55,106,0,0,40.2,84.098,2456,2014-06-29 00:00:00 UTC
2015,2015-05-08 00:00:00 UTC,BRS 404,11,3,50,102,1,40,38.2,78.2,3573,2015-06-27 00:00:00 UTC
2015,2015-05-08 00:00:00 UTC,BRILHANTE,11,3,56,106,0,0,36.8,78.3,3166,2015-07-03 00:00:00 UTC
2015,2015-05-08 00:00:00 UTC,BRS264,11,3,46,95,0,0,36.7,78.3,3652.3,2015-06-23 00:00:00 UTC
2016,2016-05-06 00:00:00 UTC,BRILHANTE,11,3,55,107,0,0,38.47,79.6,2346,2016-06-30 00:00:00 UTC
2016,2016-05-06 00:00:00 UTC,BRS264,11,3,46,96,0,0,38.31,84.3,3124,2016-06-21 00:00:00 UTC
2016,2016-05-06 00:00:00 UTC,BRS 404,11,3,52,104,0,0,39.72,78.6,2779,2016-06-27 00:00:00 UTC
2017,2017-05-08 00:00:00 UTC,BRILHANTE,11,3,59,106,0,0,38.46,79.03,2867.35,2017-07-06 00:00:00 UTC
2017,2017-05-08 00:00:00 UTC,BRS264,11,3,50,95,0,0,41.63,82.64,3335.47,2017-06-27 00:00:00 UTC
2017,2017-05-08 00:00:00 UTC,BRS 404,11,3,58,104,0,0,41.56,80.35,3356.66,2017-07-05 00:00:00 UTC
2018,2018-05-07 00:00:00 UTC,BRILHANTE,11,3,58,105,0,0,39.45,41.3,2135,2018-07-04 00:00:00 UTC
2018,2018-05-07 00:00:00 UTC,BRS264,11,3,45,95,0,0,42.13,80.7,2456,2018-06-21 00:00:00 UTC
2018,2018-05-07 00:00:00 UTC,BRS 404,11,3,56,103,0,0,42.84,81.4,2870,2018-07-02 00:00:00 UTC
2019,2019-05-03 00:00:00 UTC,SINTONIA,11,3,58,105,28,50,35.32,77.3,721.33,2019-06-30 00:00:00 UTC
2019,2019-05-03 00:00:00 UTC,BRS264,11,3,45,95,25,65,28.77,76.5,854.21,2019-06-17 00:00:00 UTC
2019,2019-05-03 00:00:00 UTC,BRS 404,11,3,56,103,15,55,35.83,76.4,985.21,2019-06-28 00:00:00 UTC
2013,2013-04-29 00:00:00 UTC,BRS264,11,4,45,96,8,40,35.6823,78.5,1499,2013-06-13 00:00:00 UTC
2013,2013-04-29 00:00:00 UTC,BRILHANTE,11,4,53,103,1,100,38.5219,77.6,1693,2013-06-21 00:00:00 UTC
2014,2014-05-05 00:00:00 UTC,BRILHANTE,11,4,55,106,1,30,38.7,85.842,2796.733333,2014-06-29 00:00:00 UTC
2014,2014-05-05 00:00:00 UTC,BRS264,11,4,46,92,1,40,38.9,80.01052632,2920.066667,2014-06-20 00:00:00 UTC
2014,2014-05-05 00:00:00 UTC,PF080492,11,4,55,106,1,30,41.2,82.284,2587,2014-06-29 00:00:00 UTC
2015,2015-05-08 00:00:00 UTC,BRILHANTE,11,4,56,106,0,0,36.1,81.5,3002.3,2015-07-03 00:00:00 UTC
2015,2015-05-08 00:00:00 UTC,BRS264,11,4,46,95,0,0,36.7,76.3,3254,2015-06-23 00:00:00 UTC
2015,2015-05-08 00:00:00 UTC,BRS 404,11,4,50,102,0,0,37.2,77.9,3388,2015-06-27 00:00:00 UTC
2016,2016-05-06 00:00:00 UTC,BRILHANTE,11,4,55,107,0,0,40.33,80.3,2869,2016-06-30 00:00:00 UTC
2016,2016-05-06 00:00:00 UTC,BRS264,11,4,46,96,0,0,39.53,80.56,2874,2016-06-21 00:00:00 UTC
2016,2016-05-06 00:00:00 UTC,BRS 404,11,4,52,104,0,0,40.48,79.65,3205,2016-06-27 00:00:00 UTC
2017,2017-05-08 00:00:00 UTC,BRILHANTE,11,4,59,106,0,0,39.57,79.54,2688.44,2017-07-06 00:00:00 UTC
2017,2017-05-08 00:00:00 UTC,BRS264,11,4,50,95,0,0,40.89,81.35,3077.69,2017-06-27 00:00:00 UTC
2017,2017-05-08 00:00:00 UTC,BRS 404,11,4,58,104,0,0,40.37,82.34,3228.87,2017-07-05 00:00:00 UTC
2018,2018-05-07 00:00:00 UTC,BRILHANTE,11,4,58,105,0,0,40.32,39.4,2335,2018-07-04 00:00:00 UTC
2018,2018-05-07 00:00:00 UTC,BRS264,11,4,45,95,0,0,40.66,82.1,2776,2018-06-21 00:00:00 UTC
2018,2018-05-07 00:00:00 UTC,BRS 404,11,4,56,103,0,0,41.95,82.8,2697,2018-07-02 00:00:00 UTC
2019,2019-05-03 00:00:00 UTC,BRS264,11,4,45,95,24,50,31.86,77.3,724.97,2019-06-17 00:00:00 UTC
2019,2019-05-03 00:00:00 UTC,BRS 404,11,4,56,103,21,45,36.91,77.8,955.87,2019-06-28 00:00:00 UTC
2019,2019-05-03 00:00:00 UTC,SINTONIA,11,4,58,105,19,50,32.16,76.8,907.64,2019-06-30 00:00:00 UTC
2013,2013-05-06 00:00:00 UTC,BRS264,12,1,47,96,7,75,34.6582,78.5,1291,2013-06-22 00:00:00 UTC
2013,2013-05-06 00:00:00 UTC,BRILHANTE,12,1,54,106,0,0,39.5521,77,1601,2013-06-29 00:00:00 UTC
2014,2014-05-12 00:00:00 UTC,BRILHANTE,12,1,57,106,0,0,38.6,83.178,2406.733333,2014-07-08 00:00:00 UTC
2014,2014-05-12 00:00:00 UTC,BRS264,12,1,48,99,0,0,40.2,80.83,3354,2014-06-29 00:00:00 UTC
2014,2014-05-12 00:00:00 UTC,PF080492,12,1,57,106,0,0,39.5,84.436,2956.4,2014-07-08 00:00:00 UTC
2015,2015-05-15 00:00:00 UTC,BRS264,12,1,48,96,1,30,37.9,77.5,3187,2015-07-02 00:00:00 UTC
2015,2015-05-15 00:00:00 UTC,BRILHANTE,12,1,57,106,0,0,36.8,78.2,2563.1,2015-07-11 00:00:00 UTC
2015,2015-05-15 00:00:00 UTC,BRS 404,12,1,53,102,0,0,39.2,80.1,3258.6,2015-07-07 00:00:00 UTC
2016,2016-05-13 00:00:00 UTC,BRILHANTE,12,1,56,107,0,0,38.62,80.2,2245,2016-07-08 00:00:00 UTC
2016,2016-05-13 00:00:00 UTC,BRS264,12,1,47,98,0,0,38.92,81.25,2654,2016-06-29 00:00:00 UTC
2016,2016-05-13 00:00:00 UTC,BRS 404,12,1,52,105,0,0,39.21,78.6,2430,2016-07-04 00:00:00 UTC
2017,2017-05-15 00:00:00 UTC,BRILHANTE,12,1,58,107,0,0,40.32,80.35,2568,2017-07-12 00:00:00 UTC
2017,2017-05-15 00:00:00 UTC,BRS264,12,1,50,95,0,0,42.31,81.38,3067.54,2017-07-04 00:00:00 UTC
2017,2017-05-15 00:00:00 UTC,BRS 404,12,1,58,105,0,0,40.35,81.25,3244.43,2017-07-12 00:00:00 UTC
2018,2018-05-14 00:00:00 UTC,BRILHANTE,12,1,57,107,0,0,40.52,41.2,2054,2018-07-10 00:00:00 UTC
2018,2018-05-14 00:00:00 UTC,BRS264,12,1,45,96,0,0,38.35,80.8,2568,2018-06-28 00:00:00 UTC
2018,2018-05-14 00:00:00 UTC,BRS 404,12,1,57,105,0,0,39.04,83.5,3012,2018-07-10 00:00:00 UTC
2019,2019-05-10 00:00:00 UTC,SINTONIA,12,1,57,107,11,45,37.58,77.5,1011.84,2019-07-06 00:00:00 UTC
2019,2019-05-10 00:00:00 UTC,BRS264,12,1,45,96,6,60,40.12,78.6,1060.12,2019-06-24 00:00:00 UTC
2019,2019-05-10 00:00:00 UTC,BRS 404,12,1,57,105,3,45,40.34,80.2,1159.32,2019-07-06 00:00:00 UTC
2013,2013-05-06 00:00:00 UTC,BRS264,12,2,47,96,6,60,34.5996,78.4,1567,2013-06-22 00:00:00 UTC
2013,2013-05-06 00:00:00 UTC,BRILHANTE,12,2,54,106,0,0,40.5269,78.3,1716,2013-06-29 00:00:00 UTC
2014,2014-05-12 00:00:00 UTC,BRILHANTE,12,2,57,106,1,80,39.4,80.476,3128.4,2014-07-08 00:00:00 UTC
2014,2014-05-12 00:00:00 UTC,BRS264,12,2,48,99,1,20,42.3,80.48,3332.4,2014-06-29 00:00:00 UTC
2014,2014-05-12 00:00:00 UTC,PF080492,12,2,57,106,0,0,42.3,83.568,2651.4,2014-07-08 00:00:00 UTC
2015,2015-05-15 00:00:00 UTC,BRILHANTE,12,2,57,106,1,60,37.8,78.4,2774.6,2015-07-11 00:00:00 UTC
2015,2015-05-15 00:00:00 UTC,BRS264,12,2,48,96,0,0,37.2,80.4,3556.4,2015-07-02 00:00:00 UTC
2015,2015-05-15 00:00:00 UTC,BRS 404,12,2,53,102,0,0,38.6,81.3,2897.2,2015-07-07 00:00:00 UTC
2016,2016-05-13 00:00:00 UTC,BRS264,12,2,47,98,1,20,41.24,78.5,2874,2016-06-29 00:00:00 UTC
2016,2016-05-13 00:00:00 UTC,BRILHANTE,12,2,56,107,0,0,39.27,81.3,2380,2016-07-08 00:00:00 UTC
2016,2016-05-13 00:00:00 UTC,BRS 404,12,2,52,105,0,0,40.34,79.5,2945,2016-07-04 00:00:00 UTC
2017,2017-05-15 00:00:00 UTC,BRILHANTE,12,2,58,107,0,0,39.57,81.25,2554.3,2017-07-12 00:00:00 UTC
2017,2017-05-15 00:00:00 UTC,BRS264,12,2,50,95,0,0,41.05,82.6,3326.38,2017-07-04 00:00:00 UTC
2017,2017-05-15 00:00:00 UTC,BRS 404,12,2,58,105,0,0,42.86,83.05,3256.6,2017-07-12 00:00:00 UTC
2018,2018-05-14 00:00:00 UTC,BRILHANTE,12,2,57,107,0,0,38.32,40.3,2114,2018-07-10 00:00:00 UTC
2018,2018-05-14 00:00:00 UTC,BRS264,12,2,45,96,0,0,40.65,82.1,2870,2018-06-28 00:00:00 UTC
2018,2018-05-14 00:00:00 UTC,BRS 404,12,2,57,105,0,0,41,81.4,2835,2018-07-10 00:00:00 UTC
2019,2019-05-10 00:00:00 UTC,SINTONIA,12,2,57,107,8,40,38.79,78.2,1097.57,2019-07-06 00:00:00 UTC
2019,2019-05-10 00:00:00 UTC,BRS264,12,2,45,96,3,45,41.23,79.52,1120.52,2019-06-24 00:00:00 UTC
2019,2019-05-10 00:00:00 UTC,BRS 404,12,2,57,105,1,50,38.22,81.3,1180.2,2019-07-06 00:00:00 UTC
2013,2013-05-06 00:00:00 UTC,BRS264,12,3,47,96,4,70,33.8993,77.3,1639,2013-06-22 00:00:00 UTC
2013,2013-05-06 00:00:00 UTC,BRILHANTE,12,3,54,106,0,0,41.0354,78.5,1933,2013-06-29 00:00:00 UTC
2014,2014-05-12 00:00:00 UTC,BRILHANTE,12,3,57,106,1,40,39.8,80.806,2272.733333,2014-07-08 00:00:00 UTC
2014,2014-05-12 00:00:00 UTC,BRS264,12,3,48,99,0,0,41.2,81.392,3727.4,2014-06-29 00:00:00 UTC
2014,2014-05-12 00:00:00 UTC,PF080492,12,3,57,106,0,0,40.3,83.068,2054,2014-07-08 00:00:00 UTC
2015,2015-05-15 00:00:00 UTC,BRILHANTE,12,3,57,106,1,40,38.2,83.2,2556,2015-07-11 00:00:00 UTC
2015,2015-05-15 00:00:00 UTC,BRS 404,12,3,53,102,1,60,36.2,78.2,3445.6,2015-07-07 00:00:00 UTC
2015,2015-05-15 00:00:00 UTC,BRS264,12,3,48,96,0,0,38.2,78.2,3224.9,2015-07-02 00:00:00 UTC
2016,2016-05-13 00:00:00 UTC,BRILHANTE,12,3,56,107,0,0,38.45,78.98,2556,2016-07-08 00:00:00 UTC
2016,2016-05-13 00:00:00 UTC,BRS264,12,3,47,98,0,0,39.53,78.5,2360,2016-06-29 00:00:00 UTC
2016,2016-05-13 00:00:00 UTC,BRS 404,12,3,52,105,0,0,40.29,80.2,2553,2016-07-04 00:00:00 UTC
2017,2017-05-15 00:00:00 UTC,BRILHANTE,12,3,58,107,0,0,40.35,78.35,3008.68,2017-07-12 00:00:00 UTC
2017,2017-05-15 00:00:00 UTC,BRS264,12,3,50,95,0,0,41.34,81.69,3247.91,2017-07-04 00:00:00 UTC
2017,2017-05-15 00:00:00 UTC,BRS 404,12,3,58,105,0,0,42.1,80.32,3546.25,2017-07-12 00:00:00 UTC
2018,2018-05-14 00:00:00 UTC,BRILHANTE,12,3,57,107,0,0,40.18,38.5,2356,2018-07-10 00:00:00 UTC
2018,2018-05-14 00:00:00 UTC,BRS264,12,3,45,96,0,0,41.85,81.3,2699,2018-06-28 00:00:00 UTC
2018,2018-05-14 00:00:00 UTC,BRS 404,12,3,57,105,0,0,42.32,80.5,2558,2018-07-10 00:00:00 UTC
2019,2019-05-10 00:00:00 UTC,BRS264,12,3,45,96,7,50,39.22,78.32,1119.23,2019-06-24 00:00:00 UTC
2019,2019-05-10 00:00:00 UTC,SINTONIA,12,3,57,107,4,45,39.8,76.8,1068.2,2019-07-06 00:00:00 UTC
2019,2019-05-10 00:00:00 UTC,BRS 404,12,3,57,105,0,55,41.33,80.3,1145.33,2019-07-06 00:00:00 UTC
2013,2013-05-06 00:00:00 UTC,BRS264,12,4,47,96,3,80,36.2058,79.6,1657,2013-06-22 00:00:00 UTC
2013,2013-05-06 00:00:00 UTC,BRILHANTE,12,4,54,106,0,0,39.6791,78.6,1701,2013-06-29 00:00:00 UTC
2014,2014-05-12 00:00:00 UTC,BRS264,12,4,48,99,1,70,38.6,80.556,3602.4,2014-06-29 00:00:00 UTC
2014,2014-05-12 00:00:00 UTC,BRILHANTE,12,4,57,106,0,0,38.9,83.136,2737.4,2014-07-08 00:00:00 UTC
2014,2014-05-12 00:00:00 UTC,PF080492,12,4,57,106,0,0,41.2,81.892,2135,2014-07-08 00:00:00 UTC
2015,2015-05-15 00:00:00 UTC,BRS264,12,4,48,96,1,50,38.4,80.2,3444,2015-07-02 00:00:00 UTC
2015,2015-05-15 00:00:00 UTC,BRILHANTE,12,4,57,106,0,0,38.2,76.8,3021.4,2015-07-11 00:00:00 UTC
2015,2015-05-15 00:00:00 UTC,BRS 404,12,4,53,102,0,0,37.4,78.6,3045.6,2015-07-07 00:00:00 UTC
2016,2016-05-13 00:00:00 UTC,BRILHANTE,12,4,56,107,0,0,40.09,80.3,2478,2016-07-08 00:00:00 UTC
2016,2016-05-13 00:00:00 UTC,BRS264,12,4,47,98,0,0,40.61,80.1,2884,2016-06-29 00:00:00 UTC
2016,2016-05-13 00:00:00 UTC,BRS 404,12,4,52,105,0,0,38.11,78.8,2741,2016-07-04 00:00:00 UTC
2017,2017-05-15 00:00:00 UTC,BRILHANTE,12,4,58,107,0,0,38.54,78.76,2980.69,2017-07-12 00:00:00 UTC
2017,2017-05-15 00:00:00 UTC,BRS264,12,4,50,95,0,0,42.52,82.45,3356.18,2017-07-04 00:00:00 UTC
2017,2017-05-15 00:00:00 UTC,BRS 404,12,4,58,105,0,0,38.95,79.67,3168.97,2017-07-12 00:00:00 UTC
2018,2018-05-14 00:00:00 UTC,BRILHANTE,12,4,57,107,0,0,39.35,39.4,2086,2018-07-10 00:00:00 UTC
2018,2018-05-14 00:00:00 UTC,BRS264,12,4,45,96,0,0,40.23,82.4,2880,2018-06-28 00:00:00 UTC
2018,2018-05-14 00:00:00 UTC,BRS 404,12,4,57,105,0,0,41.87,82.3,2865,2018-07-10 00:00:00 UTC
2019,2019-05-10 00:00:00 UTC,BRS264,12,4,45,96,7,40,40.09,79.3,1045.94,2019-06-24 00:00:00 UTC
2019,2019-05-10 00:00:00 UTC,SINTONIA,12,4,57,107,5,42,38.04,79.5,1007.06,2019-07-06 00:00:00 UTC
2019,2019-05-10 00:00:00 UTC,BRS 404,12,4,57,105,2,50,40.12,79.8,1177.54,2019-07-06 00:00:00 UTC